#SampleID	Run	Studies	Age	PhysicalActivity	BMI	R-BMI-OverTime	Gender	Smoke	Weight	MetS	MetS(No;Yes)	WHratio	InterventionType	PCR	TNFÎ±	IL6	MultipleInfection (beta-HPV)	PersistentInfection	Sample	BarcodeSequence
#q2:types	categorical	categorical	numeric	categorical	numeric	categorical	categorical	categorical	numeric	numeric	categorical	numeric	categorical	numeric	numeric	numeric	numeric	categorical	categorical	categorical
SOB03-T6	run4	T6	41.6	No	35.7	35 -> 40	F	NO	96	0	No	0.8	Sleeve	10.28	14.5	0.4	2	Yes	SOB03	TCCTGAGC-CTATTAAG
SOB04-T0	run3	T0	61	No	49.6	45 -> 50	F	NO	140	0	No	0.8	Sleeve	4.3	3.5	27.9		Yes	SOB04	CGAGGCTG-TCTCTCCG
SOB04-T12	run3	T12	62	No	37.2	35 -> 40	F	NO	105.1	0	No	0.8	Sleeve	4.6	9.3	12.4	4	Yes	SOB04	TAGGCATG-CGTCTAAT
SOB04-T6	run3	T6	61.6	No	39.4	35 -> 40	F	NO	111.2	0	No	0.9	Sleeve	9.28	11.3	0.6	2	Yes	SOB04	GTAGAGGA-CTAAGCCT
SOB05-T0	run3	T0	37	No	40.5	40 -> 45	F	YES	140	1	Yes		Sleeve+ring		3	10		Yes	SOB05	AGGCAGAA-CTAAGCCT
SOB05-T12	run3	T12	38	No	21.9	20 -> 25	F	YES	75.7	0	No	0.8	Sleeve+ring	0.3	5.8	24	3	Yes	SOB05	CTCTCTAC-CGTCTAAT
SOB05-T6	run3	T6	37.6	No	24.7	20 -> 25	F	YES	85.3	0	No	0.8	Sleeve+ring	0	8.27	0.6	3	Yes	SOB05	GCTCATGA-CTAAGCCT
SOB06-T0	run3	T0	56	No	48.1	45 -> 50	F	NO	131	1	Yes	1	Sleeve		4.7	20		No	SOB06	TCCTGAGC-CTAAGCCT
SOB06-T12	run3	T12	57	No	28.1	25 -> 30	F	NO	88.6	0	No	0.9	Sleeve	2.7	6.25	0.48	2	No	SOB06	CGAGGCTG-CGTCTAAT
SOB06-T6	run3	T6	56.6	Low	34.8	35 -> 40	F	NO	94.7	1	Yes	1	Sleeve	9.53	8.6	0.9	0	No	SOB06	ATCTCAGG-CTAAGCCT
SOB07-T0	run3	T0	49	No	34.2	30 -> 35	F	YES	90	0	No		Sleeve		3.8	0.01		Yes	SOB07	GGACTCCT-CTAAGCCT
SOB07-T12	run1	T12	50	Mod	24.9	20 -> 25	F	YES	65.4	0	No	0.9	Sleeve	1.4	5.15	0.3	10	No	SOB07	AAGAGGCA-CGTCTAAT
SOB07-T6	run1	T6	49.6	Low	25.8	25 -> 30	F	YES	67.7	0	No	0.8	Sleeve	0.8	6.26	0.3	7	No	SOB07	TAAGGCGA-CGTCTAAT
SOB08-T0	run3	T0	48	Low	38.2	35 -> 40	F	NO	92	1	Yes	0.9	Bypass+ring	9.2	2.23	3		No	SOB08	TAGGCATG-CTAAGCCT
SOB08-T12	run3	T12	49	No	26.2	25 -> 30	F	NO	63.1	0	No	0.9	Bypass+ring	0.5	2.8	8	0	No	SOB08	GCTCATGA-TCTCTCCG
SOB08-T6	run3	T6	48.6	Low	27.5	25 -> 30	F	NO	66.1	0	No	1	Bypass+ring	0	3.6	19	0	No	SOB08	AAGAGGCA-TCTCTCCG
SOB09-T0	run3	T0	59	No	39.8	35 -> 40	F	EX	100	1	Yes	0.9	Sleeve+ring	7.9	3.22	15		No	SOB09	CTCTCTAC-CTAAGCCT
SOB09-T12	run3	T12	60	No	32	30 -> 35	F	EX	80.5	1	Yes	1	Sleeve+ring	1.1	5.8	0.3	0	No	SOB09	GCTCATGA-CGTCTAAT
SOB09-T6	run3	T6	59.6	No	33.4	30 -> 35	F	EX	84	0	No	0.9	Sleeve+ring	5.13	11.8	60	0	No	SOB09	AGGCAGAA-CGTCTAAT
SOB10-T0	run3	T0	52	No	52.3	50 -> 55	M	NO	168.5	1	Yes	1	Sleeve	12.4	22.6	0.4	2	Yes	SOB10	CGAGGCTG-CTAAGCCT
SOB10-T12	run3	T12	53	No	36.1	35 -> 40	M	NO	116.4	0	No	0.9	Sleeve	1.5	6.4	0.5	1	Yes	SOB10	ATCTCAGG-CGTCTAAT
SOB10-T6	run3	T6	52.6	Mod	39.3	35 -> 40	M	NO	126.6	1	Yes	0.9	Sleeve	1.7	7	6.5	2	Yes	SOB10	TCCTGAGC-CGTCTAAT
SOB01-T12	run4	T12	47	No	27.9	25 -> 30	F	NO	75.2	0	No	0.9	Sleeve	0	3.9	5.6	2	No	SOB01	TAGGCATG-AAGGCTAT
SOB01-T6	run4	T6	46.6	No	27.1	25 -> 30	F	NO	72.8	0	No	0.9	Sleeve	0	3.8	0.04	0	No	SOB01	AGGCAGAA-CTATTAAG
SOB02-T0	run3	T0	41	No	64.4	60 -> 65	F	EX	161	0	No		Sleeve	40.3	7.6	34.2		No	SOB02	TAAGGCGA-CTAAGCCT
SOB02-T12	run3	T12	42	No	38	35 -> 40	F	EX	94.8	0	No	0.8	Sleeve	2.2	14.5	22.9	0	No	SOB02	GTAGAGGA-TCTCTCCG
SOB02-T6	run3	T6	41.6	No	48.1	45 -> 50	F	EX	120.2	0	No	1	Sleeve	7.46	0.02	0.3	3	No	SOB02	AAGAGGCA-CTAAGCCT
SOB03-T0	run4	T0	41	No	47.7	45 -> 50	F	NO	128.5	1	Yes	0.8	Sleeve	17.1	4.2	0.01		Yes	SOB03	TAAGGCGA-GCGTAAGA
SOB12-T12	run4	T12	48	No	28.1	25 -> 30	F	NO	68	0	No	0.8	Sleeve+ring	1.4	4.7	122.2	7	Yes	SOB12	CGAGGCTG-AAGGCTAT
SOB12-T6	run4	T6	47.6	Low	32	30 -> 35	F	NO	77.3	0	No	0.8	Sleeve+ring	2.5	3.15	114.9	8	Yes	SOB12	GGACTCCT-CTATTAAG
SOB36-T0	run4	T0	35	No	45.5	45 -> 50	F	NO	130	0	No	0.7	MGB	6.2	6.5	73.7	3	Yes	SOB36	CGTACTAG-CTATTAAG
SOB36-T6	run4	T6	35.6	No	33.6	30 -> 35	F	NO	96.1	0	No	0.7	MGB	2.3	13.6	0.3	6	Yes	SOB36	GGACTCCT-AAGGCTAT
SOB32-T12	run4	T12	66	No	29.6	25 -> 30	F	EX	64.9	0	No	0.8	MGB	2	9	1.15	4	Yes	SOB32	TCCTGAGC-GAGCCTTA
SOB32-T6	run1	T6	65.6	No	38.2	35 -> 40	F	EX	83.6	1	Yes	0.8	MGB	6.2	17.3	1.29	6	Yes	SOB32	TAAGGCGA-AAGGCTAT
SOB33-T0	run1	T0	37	No	42.5	40 -> 45	F	NO	113	0	No	0.9	Sleeve	15.4	7.4	11	1	Yes	SOB33	GCTCATGA-GCGTAAGA
SOB33-T12	run4	T12	38	Low	26.9	25 -> 30	F	NO	71.5	0	No	0.8	Sleeve	1.6	12	0.5	3	Yes	SOB33	GGACTCCT-GAGCCTTA
SOB33-T6	run1	T6	37.6	Mod	33	30 -> 35	F	NO	87.7	0	No	0.8	Sleeve	2.9	12.4	64.2	1	Yes	SOB33	CGTACTAG-AAGGCTAT
SOB34-T0	run1	T0	41	No	37.7	35 -> 40	F	NO	94	1	Yes	0.8	Sleeve	14.4	11.4	0.58	3	No	SOB34	ATCTCAGG-GCGTAAGA
SOB34-T6	run4	T6	41.6	No	30.6	30 -> 35	F	NO	76.4	0	No	0.8	Sleeve	1.9	6.7	0.3	0	No	SOB34	AGGCAGAA-AAGGCTAT
SOB35-T0	run1	T0	59	No	38.4	35 -> 40	F	NO	90	1	Yes	0.9	Sleeve	2.9	4.3	0.46	3	No	SOB35	TAAGGCGA-CTATTAAG
SOB35-T6	run4	T6	59.6	No	30.4	30 -> 35	F	NO	71.1	0	No	0.8	Sleeve	0.7	7.6	0.4	0	No	SOB35	TCCTGAGC-AAGGCTAT
SOB23-T0	run1	T0	40	No	45.1	45 -> 50	F	NO	138	0	No	0.9	Sleeve	11.4	15.1	0.3	0	No	SOB23	TCCTGAGC-CCTAGAGT
SOB23-T12	run1	T12	41	Mod	30.9	30 -> 35	F	NO	94.6	0	No	0.8	Sleeve	1.4	41.5	1.13	0	No	SOB23	TAGGCATG-CTATTAAG
SOB23-T6	run1	T6	40.6	No	33.8	30 -> 35	F	NO	103.4	0	No	0.8	Sleeve	2.6	9.3	0.4	0	No	SOB23	CTCTCTAC-GCGTAAGA
SOB24-T0	run1	T0	52	No	48.5	45 -> 50	M	NO	152	1	Yes	1.2	Sleeve	10.6	21	0.3	0	No	SOB24	GGACTCCT-CCTAGAGT
SOB25-T0	run1	T0	57	No	45	45 -> 50	F	NO	108	0	No	0.8	Sleeve	7.1	5.46	0.2	6	Yes	SOB25	AGGCAGAA-GCGTAAGA
SOB25-T12	run4	T12	58	Mod	29.9	25 -> 30	F	NO	71.8	0	No	0.9	Sleeve	1.4	22.7	330	6	Yes	SOB25	AAGAGGCA-AAGGCTAT
SOB25-T6	run1	T6	57.6	Low	32.9	30 -> 35	F	NO	79.2	0	No	0.9	sleeve	2.4	5.8	30	5	Yes	SOB25	TAGGCATG-CTATTAAG
SOB26-T0	run1	T0	50	No	39.7	35 -> 40	F	EX	112	0	No	0.9	RYGB	3.7	7.7	34	1	No	SOB26	TCCTGAGC-GCGTAAGA
SOB26-T12	run4	T12	51	No	29.7	25 -> 30	F	EX	83.9	0	No	0.8	RYGB	0.3	8.5	15	0	No	SOB26	GTAGAGGA-AAGGCTAT
SOB26-T6	run1	T6	50.6	No	33.4	30 -> 35	F	EX	94.4	0	No	0.9	RYGB	0.8	3.7	3.4	3	No	SOB26	CTCTCTAC-CTATTAAG
SOB27-T0	run1	T0	31	No	44	40 -> 45	F	NO	95	0	No	0.8	Sleeve	14.9	2.7	40.6	1	Yes	SOB27	GGACTCCT-GCGTAAGA
SOB27-T12	run4	T12	32	No	29.7	25 -> 30	F	NO	64.2	0	No	0.8	Sleeve		5.9	15.7	1	Yes	SOB27	GCTCATGA-AAGGCTAT
SOB27-T6	run1	T6	31.6	No	30.5	30 -> 35	F	NO	65.9	0	No	0.8	sleeve	1.9	3.05	35.2	0	Yes	SOB27	CGAGGCTG-CTATTAAG
SOB28-T0	run1	T0	58	No	42.7	40 -> 45	F	EX	128	1	No	0.9	Sleeve	11.7			1	No	SOB28	TAGGCATG-GCGTAAGA
SOB28-T12	run4	T12	59	No	33.8	30 -> 35	F	EX	101.1	1	Yes	0.9	Sleeve	4.7	7.4	230	0	No	SOB28	ATCTCAGG-AAGGCTAT
SOB28-T6	run1	T6	58.6	No	35.4	35 -> 40	F	EX	106	1	Yes	0.9	sleeve	3.9	7.6	113.7	0	No	SOB28	AAGAGGCA-CTATTAAG
SOB29-T0	run1	T0	46	No	34.7	35 -> 40	F	YES	105	1	Yes	1	Sleeve+ring	3	40	18	14	No	SOB29	CTCTCTAC-GCGTAAGA
SOB29-T12	run4	T12	47	No	23.4	20 -> 25	F	YES	70.8	0	No	0.8	Sleeve+ring	1.9	8.5	0.2	6	No	SOB29	TAAGGCGA-GAGCCTTA
SOB29-T6	run1	T6	46.6	No	25	25 -> 30	F	YES	75.8	0	No	0.8	Sleeve+ring	1.5	11	0.5	3	No	SOB29	GTAGAGGA-CTATTAAG
SOB30-T0	run1	T0	58	No	44.1	40 -> 45	F	EX	113	0	No	0.9	Sleeve	1.3	16.6	2000	3	Yes	SOB30	CGAGGCTG-GCGTAAGA
SOB30-T12	run4	T12	59	Low	28.1	25 -> 30	F	NO	71.9	0	No	0.8	Sleeve	0.6	8	24.7	6	Yes	SOB30	CGTACTAG-GAGCCTTA
SOB30-T6	run1	T6	58.6	Low	34	30 -> 35	F	EX	87.1	0	No	0.9	Sleeve	1	7	2000	3	Yes	SOB30	GCTCATGA-CTATTAAG
SOB31-T0	run1	T0	37	No	46.1	45 -> 50	F	NO	118	0	No	0.9	Sleeve	7.2	10.4	0.3	0	No	SOB31	AAGAGGCA-GCGTAAGA
SOB31-T12	run4	T12	38	Low	31.9	30 -> 35	F	NO	81.6	0	No	0.9	Sleeve	0.6	13.1	0.1	0	No	SOB31	AGGCAGAA-GAGCCTTA
SOB31-T6	run1	T6	37.6	Low	34.8	30 -> 35	F	NO	89.1	0	No	0.9	Sleeve	3.6	5.1	0.37	1	No	SOB31	ATCTCAGG-CTATTAAG
SOB32-T0	run1	T0	65	No	49.8	45 -> 50	F	EX	109	1	Yes	0.9	MGB	5.4	4.08	25.5	7	Yes	SOB32	GTAGAGGA-GCGTAAGA
SOB21-T0	run1	T0	36	No	39.8	35 -> 40	F	NO	111	1	Yes	0.8	Sleeve+ring	1.6	4	20.6	1	Yes	SOB21	AGGCAGAA-CCTAGAGT
SOB21-T6	run1	T6	36.6	No	33.5	30 -> 35	F	NO	93.4	0	No	0.8	Sleeve+ring	0.9	3.7	0.4	5	Yes	SOB21	TAGGCATG-GCGTAAGA
SOB12-T0	run4	T0	47	Low	41.8	40 -> 45	F	NO	101	1	Yes	0.9	Sleeve+ring	9.41	15.9	71	10	Yes	SOB12	CGTACTAG-GCGTAAGA
SOB03-T12	run4	T12	42	No	30.6	30 -> 35	F	NO	82.2	0	No	0.8	Sleeve	2.2	8.14	0.2	2	Yes	SOB03	CTCTCTAC-AAGGCTAT
