#SampleID	Run	TimePoint	Sample	Gender	Smoke	TwinType	BarcodeSequence
#q2:types	categorical	categorical	categorical	categorical	categorical	categorical	categorical
S0509-T0	run4	T0	S0509	F	NO	OW	AAGAGGCA-GAGCCTTA
S0510-T0	run4	T0	S0510	F	YES	NW	GTAGAGGA-GAGCCTTA
S0611-T0	run4	T0	S0611	M	NO	OW	GCTCATGA-GAGCCTTA
S0612-T0	run4	T0	S0612	M	YES	NW	ATCTCAGG-GAGCCTTA
S0713-T0	run4	T0	S0713	F	NO	OW	TAAGGCGA-TTATGCGA
S0714-T0	run4	T0	S0714	F	NO	NW	CGTACTAG-TTATGCGA
S0815-T0	run4	T0	S0815	F	NO	OW	AGGCAGAA-TTATGCGA
S0816-T0	run4	T0	S0816	F	NO	NW	TCCTGAGC-TTATGCGA
S0917-T0	run4	T0	S0917	M	NO	OW	GGACTCCT-TTATGCGA
S0918-T0	run4	T0	S0918	M	NO	NW	TAGGCATG-TTATGCGA
S1019-T0	run1	T0	S1019	F	NO	OW	GCTCATGA-GAGCCTTA
S1020-T0	run1	T0	S1020	F	NO	NW	ATCTCAGG-GAGCCTTA
S1121-T0	run1	T0	S1121	M	NO	OW	TAAGGCGA-TTATGCGA
S1122-T0	run1	T0	S1122	M	YES	NW	CGTACTAG-TTATGCGA
S1223-T0	run1	T0	S1223	F	YES	OW	TACGCTGC-TTCTAGCT
S1224-T0	run1	T0	S1224	F	YES	NW	ATGCGCAG-TTCTAGCT
S1325-T0	run1	T0	S1325	F	YES	OW	AGGCAGAA-TTATGCGA
S1326-T0	run1	T0	S1326	F	YES	NW	TCCTGAGC-TTATGCGA
S1427-T0	run1	T0	S1427	F	EX	OW	TAGCGCTC-TTCTAGCT
S1428-T0	run1	T0	S1428	F	EX	NW	ACTGAGCG-TTCTAGCT
S1529-T0	run2	T0	S1529	M	NO	OW	CCTAAGAC-TTCTAGCT
S1530-T0	run2	T0	S1530	M	NO	NW	CGATCAGT-TTCTAGCT
S1631-T0	run2	T0	S1631	F	NO	OW	TGCAGCTA-TTCTAGCT
S1631-T6	run2	T0	S1631	F	NO	OW	TAGCGCTC-CCTAGAGT
S1632-T0	run2	T0	S1632	F	NO	NW	TCGACGTC-TTCTAGCT
S1-T0	run3	T0	S1	M	NO	OB	TAAGGCGA-CTCTCTAT
S10-T0	run3	T0	S10	M	EX	OW	GTAGAGGA-GTAAGGAG
S11-T0	run3	T0	S11	F	EX	NW	GCTCATGA-GTAAGGAG
S12-T0	run3	T0	S12	M	YES	NW	ATCTCAGG-GTAAGGAG
S13-T0	run3	T0	S13	M	EX	NW	TAAGGCGA-ACTGCATA
S14-T0	run3	T0	S14	M	YES	OW	CGTACTAG-ACTGCATA
S15-T0	run3	T0	S15	F	NO	NW	AGGCAGAA-ACTGCATA
S16-T0	run3	T0	S16	F	EX	NW	TCCTGAGC-ACTGCATA
S17-T0	run3	T0	S17	M	NO	OW	GGACTCCT-ACTGCATA
S19-T0	run3	T0	S19	M	YES	OW	TAGGCATG-ACTGCATA
S2-T0	run3	T0	S2	F	EX	NW	AGGCAGAA-GTAAGGAG
S20-T0	run3	T0	S20	M	EX	NW	CTCTCTAC-ACTGCATA
S21-T0	run3	T0	S21	M	NO	OW	CGAGGCTG-ACTGCATA
S22-T0	run3	T0	S22	F	EX	OW	AAGAGGCA-ACTGCATA
S23-T0	run3	T0	S23	F	NO	OW	GTAGAGGA-ACTGCATA
S24-T0	run3	T0	S24	F	EX	NW	GCTCATGA-ACTGCATA
S25-T0	run3	T0	S25	F	EX	NW	ATCTCAGG-ACTGCATA
S26-T0	run3	T0	S26	F	NO	OB	TAAGGCGA-GTAAGGAG
S3-T0	run3	T0	S3	M	EX	NW	TCCTGAGC-GTAAGGAG
S4-T0	run3	T0	S4	M	EX	NW	GGACTCCT-GTAAGGAG
S5-T0	run3	T0	S5	F	NO	NW	TAGGCATG-GTAAGGAG
S6-T0	run3	T0	S6	M	NO	NW	CTCTCTAC-GTAAGGAG
S7-T0	run3	T0	S7	F	NO	OW	CGAGGCTG-GTAAGGAG
S8-T0	run3	T0	S8	F	NO	NW	CGAGGCTG-CTCTCTAT
S9-T0	run3	T0	S9	M	EX	NW	AAGAGGCA-GTAAGGAG
S0203-T6	run1	T6	S0203	F	NO	OW	GGACTCCT-TTATGCGA
S0204-T6	run1	T6	S0204	F	NO	NW	TAGGCATG-TTATGCGA
S0407-T6	run1	T6	S0407	F	NO	OW	CTCTCTAC-TTATGCGA
S0408-T6	run1	T6	S0408	F	NO	NW	CGAGGCTG-TTATGCGA
S0713-T6	run1	T6	S0713	F	NO	OW	CTCTCTAC-TTATGCGA
S0714-T6	run1	T6	S0714	F	NO	NW	CGAGGCTG-TTATGCGA
S1121-T6	run1	T6	S1121	M	NO	OW	GCTCATGA-TTATGCGA
S1122-T6	run1	T6	S1122	M	YES	NW	ATCTCAGG-TTATGCGA
S1223-T6	run1	T6	S1223	F	YES	OW	ACTCGCTA-CCTAGAGT
S1224-T6	run1	T6	S1224	F	YES	NW	GGAGCTAC-CCTAGAGT
S1427-T6	run1	T6	S1427	F	EX	OW	GCGTAGTA-CCTAGAGT
S1428-T6	run1	T6	S1428	F	EX	NW	CGGAGCCT-CCTAGAGT
S1529-T6	run2	T6	S1529	M	NO	OW	TACGCTGC-CCTAGAGT
S1530-T6	run2	T6	S1530	M	NO	NW	ATGCGCAG-CCTAGAGT
S1632-T6	run2	T6	S1632	F	NO	NW	ACTGAGCG-CCTAGAGT
