#SampleID	Run	Sample	TimePoint	Gender	Smoke	BMI	BarcodeSequence
#q2:types	categorical	categorical	categorical	categorical	categorical	numeric	categorical
F0203-T0	run1	F0203	T0	F	NO	31.9	CTCTCTAC-CTATTAAG
F0203-T6	run1	F0203	T6	F	NO	28.8	AGGCAGAA-GAGCCTTA
F0204-T0	run1	F0204	T0	F	NO	26.4	CGAGGCTG-CTATTAAG
F0204-T6	run1	F0204	T6	F	NO	26.5	TCCTGAGC-GAGCCTTA
F0407-T0	run1	F0407	T0	F	NO	30.4	AAGAGGCA-CTATTAAG
F0407-T6	run1	F0407	T6	F	NO	28	GGACTCCT-GAGCCTTA
F0408-T0	run1	F0408	T0	F	NO	24.1	GTAGAGGA-CTATTAAG
F0408-T6	run1	F0408	T6	F	NO	23.5	TAGGCATG-GAGCCTTA
F0509-T0	run1	F0509	T0	F	NO	28.2	GCTCATGA-CTATTAAG
F0510-T0	run1	F0510	T0	F	YES	22.8	ATCTCAGG-CTATTAAG
F0611-T0	run1	F0611	T0	M	NO	34.3	TAAGGCGA-AAGGCTAT
F0612-T0	run1	F0612	T0	M	YES	26.1	CGTACTAG-AAGGCTAT
F0713-T0	run1	F0713	T0	F	NO	31.5	AGGCAGAA-AAGGCTAT
F0713-T6	run1	F0713	T6	F	NO	27.6	CTCTCTAC-GAGCCTTA
F0714-T0	run1	F0714	T0	F	NO	23.4	TCCTGAGC-AAGGCTAT
F0714-T6	run1	F0714	T6	F	NO	21.7	CGAGGCTG-GAGCCTTA
F0815-T0	run1	F0815	T0	F	NO	29	GGACTCCT-AAGGCTAT
F0816-T0	run1	F0816	T0	F	NO	23	TAGGCATG-AAGGCTAT
F0917-T0	run1	F0917	T0	M	NO	30.8	CTCTCTAC-AAGGCTAT
F0918-T0	run1	F0918	T0	M	NO	26.3	CGAGGCTG-AAGGCTAT
F1-T0	run3	F1	T0	M	NO	31.6	CGTACTAG-GTAAGGAG
F10-T0	run3	F10	T0	M	EX	27.5	GTAGAGGA-GTAAGGAG
F1019-T0	run1	F1019	T0	F	NO	26.6	AAGAGGCA-AAGGCTAT
F1020-T0	run1	F1020	T0	F	NO	22.4	GTAGAGGA-AAGGCTAT
F11-T0	run3	F11	T0	F	EX	24.1	GCTCATGA-GTAAGGAG
F1121-T0	run1	F1121	T0	M	NO	26.2	GCTCATGA-AAGGCTAT
F1121-T6	run1	F1121	T6	M	NO	22.6	AAGAGGCA-GAGCCTTA
F1122-T0	run1	F1122	T0	M	YES	20.4	ATCTCAGG-AAGGCTAT
F1122-T6	run1	F1122	T6	M	YES	20.2	GTAGAGGA-GAGCCTTA
F12-T0	run3	F12	T0	M	YES	20.5	ATCTCAGG-GTAAGGAG
F1223-T0	run1	F1223	T0	F	YES	29.5	ACTCGCTA-TCGACTAG
F1223-T6	run1	F1223	T6	F	YES	26.9	CCTAAGAC-TCGACTAG
F1224-T0	run1	F1224	T0	F	YES	24.4	GGAGCTAC-TCGACTAG
F1224-T6	run1	F1224	T6	F	YES	24	CGATCAGT-TCGACTAG
F13-T0	run3	F13	T0	M	EX	23.1	TAAGGCGA-ACTGCATA
F1325-T0	run1	F1325	T0	F	YES	29.8	TAAGGCGA-GAGCCTTA
F1326-T0	run1	F1326	T0	F	YES	23.4	CGTACTAG-GAGCCTTA
F14-T0	run3	F14	T0	M	YES	29.4	CGTACTAG-ACTGCATA
F1427-T0	run1	F1427	T0	F	EX	32.3	GCGTAGTA-TCGACTAG
F1427-T6	run1	F1427	T6	F	EX	28	TGCAGCTA-TCGACTAG
F1428-T0	run1	F1428	T0	F	EX	24.8	CGGAGCCT-TCGACTAG
F1428-T6	run1	F1428	T6	F	EX	25.9	TCGACGTC-TCGACTAG
F15-T0	run3	F15	T0	F	NO	21.5	AGGCAGAA-ACTGCATA
F1529-T0	run2	F1529	T0	M	NO	28.1	TACGCTGC-TCGACTAG
F1529-T6	run2	F1529	T6	M	NO	24.7	ACTCGCTA-TTCTAGCT
F1530-T0	run2	F1530	T0	M	NO	23.6	ATGCGCAG-TCGACTAG
F1530-T6	run2	F1530	T6	M	NO	22.5	GGAGCTAC-TTCTAGCT
F16-T0	run3	F16	T0	F	EX	19.6	TCCTGAGC-ACTGCATA
F1631-T0	run2	F1631	T0	F	NO	29.7	TAGCGCTC-TCGACTAG
F1631-T6	run2	F1631	T6	F	NO	26.1	GCGTAGTA-TTCTAGCT
F1632-T0	run2	F1632	T0	F	NO	23.7	ACTGAGCG-TCGACTAG
F1632-T6	run2	F1632	T6	F	NO	23.9	CGGAGCCT-TTCTAGCT
F17-T0	run3	F17	T0	M	NO	25.9	GGACTCCT-ACTGCATA
F19-T0	run3	F19	T0	M	YES	28.6	TAGGCATG-ACTGCATA
F2-T0	run3	F2	T0	F	EX	22.6	AGGCAGAA-GTAAGGAG
F20-T0	run3	F20	T0	M	EX	23.8	CTCTCTAC-ACTGCATA
F21-T0	run3	F21	T0	M	NO	26.1	CGAGGCTG-ACTGCATA
F22-T0	run3	F22	T0	F	EX	26.7	AAGAGGCA-ACTGCATA
F23-T0	run3	F23	T0	F	NO	26.9	GTAGAGGA-ACTGCATA
F24-T0	run3	F24	T0	F	EX	24.9	GCTCATGA-ACTGCATA
F25-T0	run3	F25	T0	F	EX	24.9	ATCTCAGG-ACTGCATA
F26-T0	run3	F26	T0	F	NO	33.6	TAAGGCGA-AAGGAGTA
F3-T0	run3	F3	T0	M	EX	24.7	TCCTGAGC-GTAAGGAG
F4-T0	run3	F4	T0	M	EX	21.7	GGACTCCT-GTAAGGAG
F5-T0	run3	F5	T0	F	NO	18.3	TAGGCATG-GTAAGGAG
F6-T0	run3	F6	T0	M	NO	22.4	CTCTCTAC-GTAAGGAG
F7-T0	run3	F7	T0	F	NO	29.4	CGAGGCTG-GTAAGGAG
F9-T0	run3	F9	T0	M	EX	24.2	AAGAGGCA-GTAAGGAG
FOB01-T6	run2	FOB01	T6	F	NO	27.1	ATCTCAGG-TCGACTAG
FOB02-T12	run2	FOB02	T12	F	EX	38	CTCTCTAC-GTAAGGAG
FOB02-T6	run2	FOB02	T6	F	EX	48.1	AGGCAGAA-TATCCTCT
FOB03-T12	run2	FOB03	T12	F	NO	30.6	TAAGGCGA-CCTAGAGT
FOB03-T6	run2	FOB03	T6	F	NO	35.7	TAAGGCGA-TTCTAGCT
FOB04-T12	run2	FOB04	T12	F	NO	37.2	AAGAGGCA-GTAAGGAG
FOB04-T6	run2	FOB04	T6	F	NO	39.4	GGACTCCT-TATCCTCT
FOB05-T0	run2	FOB05	T0	F	YES	40.5	TAAGGCGA-CTCTCTAT
FOB05-T12	run2	FOB05	T12	F	YES	21.9	GTAGAGGA-GTAAGGAG
FOB05-T6	run2	FOB05	T6	F	YES	24.7	TAGGCATG-TATCCTCT
FOB06-T0	run2	FOB06	T0	F	NO	48.1	CGTACTAG-CTCTCTAT
FOB06-T6	run2	FOB06	T6	F	NO	34.8	CTCTCTAC-TATCCTCT
FOB07-T12	run1	FOB07	T12	F	YES	24.9	TAGGCATG-AAGGAGTA
FOB08-T6	run2	FOB08	T6	F	NO	27.5	AGGCAGAA-AAGGAGTA
FOB09-T12	run2	FOB09	T12	F	EX	32	ATCTCAGG-GTAAGGAG
FOB09-T6	run2	FOB09	T6	F	EX	33.4	AAGAGGCA-TATCCTCT
FOB10-T0	run2	FOB10	T0	M	NO	52.3	CGTACTAG-AAGGAGTA
FOB10-T12	run2	FOB10	T12	M	NO	36.1	CGAGGCTG-AAGGAGTA
FOB10-T6	run2	FOB10	T6	M	NO	39.3	GGACTCCT-AAGGAGTA
FOB11-T0	run2	FOB11	T0	F	NO	57.8	TCCTGAGC-CTCTCTAT
FOB11-T12	run2	FOB11	T12	F	NO	42.8	CGTACTAG-ACTGCATA
FOB11-T6	run2	FOB11	T6	F	NO	43.6	GCTCATGA-TATCCTCT
FOB12-T0	run2	FOB12	T0	F	NO	41.8	GGACTCCT-CTCTCTAT
FOB12-T12	run2	FOB12	T12	F	NO	28.1	AGGCAGAA-ACTGCATA
FOB12-T6	run2	FOB12	T6	F	NO	32	ATCTCAGG-TATCCTCT
FOB13-T0	run2	FOB13	T0	F	NO	53.6	TAGGCATG-CTCTCTAT
FOB13-T12	run2	FOB13	T12	F	NO	32.4	TCCTGAGC-ACTGCATA
FOB13-T6	run2	FOB13	T6	F	NO	37.1	TAAGGCGA-GTAAGGAG
FOB14-T0	run2	FOB14	T0	F	YES	39.5	CTCTCTAC-CTCTCTAT
FOB14-T12	run2	FOB14	T12	F	YES	27.3	GGACTCCT-ACTGCATA
FOB14-T6	run2	FOB14	T6	F	YES	30.7	CGTACTAG-GTAAGGAG
FOB15-T0	run2	FOB15	T0	F	NO	51.4	CGAGGCTG-CTCTCTAT
FOB15-T12	run2	FOB15	T12	F	NO	25.8	TAGGCATG-ACTGCATA
FOB15-T6	run2	FOB15	T6	F	NO	32.7	AGGCAGAA-GTAAGGAG
FOB16-T0	run2	FOB16	T0	F	YES	48	AAGAGGCA-CTCTCTAT
FOB16-T12	run2	FOB16	T12	F	EX	30.4	CTCTCTAC-ACTGCATA
FOB17-T0	run2	FOB17	T0	M	EX	45.7	GTAGAGGA-CTCTCTAT
FOB17-T12	run2	FOB17	T12	M	EX	31.5	CGAGGCTG-ACTGCATA
FOB17-T6	run2	FOB17	T6	M	EX	34.6	TCCTGAGC-GTAAGGAG
FOB18-T0	run2	FOB18	T0	F	EX	36	GCTCATGA-CTCTCTAT
FOB18-T12	run2	FOB18	T12	F	EX	24.9	AAGAGGCA-ACTGCATA
FOB18-T6	run2	FOB18	T6	F	EX	27.3	GGACTCCT-GTAAGGAG
FOB20-T0	run2	FOB20	T0	F	YES	44.4	ATCTCAGG-CTCTCTAT
FOB21-T0	run1	FOB21	T0	F	NO	39.8	TAAGGCGA-TCGACTAG
FOB21-T6	run1	FOB21	T6	F	NO	33.5	CGTACTAG-TTCTAGCT
FOB22-T0	run2	FOB22	T0	F	NO	40.3	TAAGGCGA-TATCCTCT
FOB22-T12	run2	FOB22	T12	F	NO	31.8	GTAGAGGA-ACTGCATA
FOB22-T6	run2	FOB22	T6	F	NO	31.9	TAGGCATG-GTAAGGAG
FOB23-T0	run1	FOB23	T0	F	NO	45.1	CGTACTAG-TCGACTAG
FOB23-T12	run1	FOB23	T12	F	NO	30.9	ATCTCAGG-TTCTAGCT
FOB23-T6	run1	FOB23	T6	F	NO	33.8	AGGCAGAA-TTCTAGCT
FOB24-T0	run1	FOB24	T0	M	NO	48.5	AGGCAGAA-TCGACTAG
FOB25-T0	run1	FOB25	T0	F	NO	45	TAAGGCGA-TCGACTAG
FOB25-T12	run4	FOB25	T12	F	NO	29.9	CGTACTAG-CCTAGAGT
FOB26-T0	run1	FOB26	T0	F	EX	39.7	CGTACTAG-TCGACTAG
FOB26-T12	run4	FOB26	T12	F	EX	29.7	AGGCAGAA-CCTAGAGT
FOB26-T6	run1	FOB26	T6	F	EX	33.4	CGTACTAG-TTCTAGCT
FOB27-T0	run1	FOB27	T0	F	NO	44	AGGCAGAA-TCGACTAG
FOB27-T12	run4	FOB27	T12	F	NO	29.7	TCCTGAGC-CCTAGAGT
FOB27-T6	run1	FOB27	T6	F	NO	30.5	AGGCAGAA-TTCTAGCT
FOB28-T12	run4	FOB28	T12	F	EX	33.8	GGACTCCT-CCTAGAGT
FOB28-T6	run1	FOB28	T6	F	EX	35.4	TCCTGAGC-TTCTAGCT
FOB29-T0	run1	FOB29	T0	F	YES	34.7	TCCTGAGC-TCGACTAG
FOB29-T12	run4	FOB29	T12	F	YES	23.4	TAGGCATG-CCTAGAGT
FOB29-T6	run1	FOB29	T6	F	YES	25	GGACTCCT-TTCTAGCT
FOB30-T0	run1	FOB30	T0	F	EX	44.1	GGACTCCT-TCGACTAG
FOB30-T12	run4	FOB30	T12	F	NO	28.1	CTCTCTAC-CCTAGAGT
FOB30-T6	run1	FOB30	T6	F	EX	34	TAGGCATG-TTCTAGCT
FOB31-T0	run1	FOB31	T0	F	NO	46.1	TAGGCATG-TCGACTAG
FOB31-T12	run4	FOB31	T12	F	NO	31.9	CGAGGCTG-CCTAGAGT
FOB31-T6	run1	FOB31	T6	F	NO	34.8	CTCTCTAC-TTCTAGCT
FOB32-T0	run1	FOB32	T0	F	EX	49.8	CTCTCTAC-TCGACTAG
FOB32-T12	run4	FOB32	T12	F	EX	29.6	AAGAGGCA-CCTAGAGT
FOB32-T6	run1	FOB32	T6	F	EX	38.2	CGAGGCTG-TTCTAGCT
FOB33-T0	run1	FOB33	T0	F	NO	42.5	CGAGGCTG-TCGACTAG
FOB33-T6	run1	FOB33	T6	F	NO	33	AAGAGGCA-TTCTAGCT
FOB34-T0	run1	FOB34	T0	F	NO	37.7	AAGAGGCA-TCGACTAG
FOB34-T6	run4	FOB34	T6	F	NO	30.6	GTAGAGGA-TTCTAGCT
FOB35-T0	run1	FOB35	T0	F	NO	38.4	GTAGAGGA-TCGACTAG
FOB35-T6	run4	FOB35	T6	F	NO	30.4	GCTCATGA-TTCTAGCT
FOB36-T0	run2	FOB36	T0	F	NO	45.5	GTAGAGGA-TCGACTAG
FOB36-T6	run4	FOB36	T6	F	NO	33.6	ATCTCAGG-TTCTAGCT
