#SampleID	Run	TimePoint	Sample	Gender	Smoke	BarcodeSequence
#q2:types	categorical	categorical	categorical	categorical	categorical	categorical
S0509-T0	run4	T0	S0509	F	NO	AAGAGGCA-GAGCCTTA
S0510-T0	run4	T0	S0510	F	YES	GTAGAGGA-GAGCCTTA
S0611-T0	run4	T0	S0611	M	NO	GCTCATGA-GAGCCTTA
S0612-T0	run4	T0	S0612	M	YES	ATCTCAGG-GAGCCTTA
S0713-T0	run4	T0	S0713	F	NO	TAAGGCGA-TTATGCGA
S0714-T0	run4	T0	S0714	F	NO	CGTACTAG-TTATGCGA
S0815-T0	run4	T0	S0815	F	NO	AGGCAGAA-TTATGCGA
S0816-T0	run4	T0	S0816	F	NO	TCCTGAGC-TTATGCGA
S0917-T0	run4	T0	S0917	M	NO	GGACTCCT-TTATGCGA
S0918-T0	run4	T0	S0918	M	NO	TAGGCATG-TTATGCGA
S1019-T0	run1	T0	S1019	F	NO	GCTCATGA-GAGCCTTA
S1020-T0	run1	T0	S1020	F	NO	ATCTCAGG-GAGCCTTA
S1121-T0	run1	T0	S1121	M	NO	TAAGGCGA-TTATGCGA
S1122-T0	run1	T0	S1122	M	YES	CGTACTAG-TTATGCGA
S1223-T0	run1	T0	S1223	F	YES	TACGCTGC-TTCTAGCT
S1224-T0	run1	T0	S1224	F	YES	ATGCGCAG-TTCTAGCT
S1325-T0	run1	T0	S1325	F	YES	AGGCAGAA-TTATGCGA
S1326-T0	run1	T0	S1326	F	YES	TCCTGAGC-TTATGCGA
S1427-T0	run1	T0	S1427	F	EX	TAGCGCTC-TTCTAGCT
S1428-T0	run1	T0	S1428	F	EX	ACTGAGCG-TTCTAGCT
S1529-T0	run2	T0	S1529	M	NO	CCTAAGAC-TTCTAGCT
S1530-T0	run2	T0	S1530	M	NO	CGATCAGT-TTCTAGCT
S1631-T0	run2	T0	S1631	F	NO	TGCAGCTA-TTCTAGCT
S1631-T6	run2	T0	S1631	F	NO	TAGCGCTC-CCTAGAGT
S1632-T0	run2	T0	S1632	F	NO	TCGACGTC-TTCTAGCT
S1-T0	run3	T0	S1	M	NO	TAAGGCGA-CTCTCTAT
S10-T0	run3	T0	S10	M	EX	GTAGAGGA-GTAAGGAG
S11-T0	run3	T0	S11	F	EX	GCTCATGA-GTAAGGAG
S12-T0	run3	T0	S12	M	YES	ATCTCAGG-GTAAGGAG
S13-T0	run3	T0	S13	M	EX	TAAGGCGA-ACTGCATA
S14-T0	run3	T0	S14	M	YES	CGTACTAG-ACTGCATA
S15-T0	run3	T0	S15	F	NO	AGGCAGAA-ACTGCATA
S16-T0	run3	T0	S16	F	EX	TCCTGAGC-ACTGCATA
S17-T0	run3	T0	S17	M	NO	GGACTCCT-ACTGCATA
S19-T0	run3	T0	S19	M	YES	TAGGCATG-ACTGCATA
S2-T0	run3	T0	S2	F	EX	AGGCAGAA-GTAAGGAG
S20-T0	run3	T0	S20	M	EX	CTCTCTAC-ACTGCATA
S21-T0	run3	T0	S21	M	NO	CGAGGCTG-ACTGCATA
S22-T0	run3	T0	S22	F	EX	AAGAGGCA-ACTGCATA
S23-T0	run3	T0	S23	F	NO	GTAGAGGA-ACTGCATA
S24-T0	run3	T0	S24	F	EX	GCTCATGA-ACTGCATA
S25-T0	run3	T0	S25	F	EX	ATCTCAGG-ACTGCATA
S26-T0	run3	T0	S26	F	NO	TAAGGCGA-GTAAGGAG
S3-T0	run3	T0	S3	M	EX	TCCTGAGC-GTAAGGAG
S4-T0	run3	T0	S4	M	EX	GGACTCCT-GTAAGGAG
S5-T0	run3	T0	S5	F	NO	TAGGCATG-GTAAGGAG
S6-T0	run3	T0	S6	M	NO	CTCTCTAC-GTAAGGAG
S7-T0	run3	T0	S7	F	NO	CGAGGCTG-GTAAGGAG
S8-T0	run3	T0	S8	F	NO	CGAGGCTG-CTCTCTAT
S9-T0	run3	T0	S9	M	EX	AAGAGGCA-GTAAGGAG
S0203-T6	run1	T6	S0203	F	NO	GGACTCCT-TTATGCGA
S0204-T6	run1	T6	S0204	F	NO	TAGGCATG-TTATGCGA
S0407-T6	run1	T6	S0407	F	NO	CTCTCTAC-TTATGCGA
S0408-T6	run1	T6	S0408	F	NO	CGAGGCTG-TTATGCGA
S0713-T6	run1	T6	S0713	F	NO	CTCTCTAC-TTATGCGA
S0714-T6	run1	T6	S0714	F	NO	CGAGGCTG-TTATGCGA
S1121-T6	run1	T6	S1121	M	NO	GCTCATGA-TTATGCGA
S1122-T6	run1	T6	S1122	M	YES	ATCTCAGG-TTATGCGA
S1223-T6	run1	T6	S1223	F	YES	ACTCGCTA-CCTAGAGT
S1224-T6	run1	T6	S1224	F	YES	GGAGCTAC-CCTAGAGT
S1427-T6	run1	T6	S1427	F	EX	GCGTAGTA-CCTAGAGT
S1428-T6	run1	T6	S1428	F	EX	CGGAGCCT-CCTAGAGT
S1529-T6	run2	T6	S1529	M	NO	TACGCTGC-CCTAGAGT
S1530-T6	run2	T6	S1530	M	NO	ATGCGCAG-CCTAGAGT
S1632-T6	run2	T6	S1632	F	NO	ACTGAGCG-CCTAGAGT
SOB03-T6	run4	T6	SOB03	F	NO	TCCTGAGC-CTATTAAG
SOB04-T0	run3	T0	SOB04	F	NO	CGAGGCTG-TCTCTCCG
SOB04-T12	run3	T12	SOB04	F	NO	TAGGCATG-CGTCTAAT
SOB04-T6	run3	T6	SOB04	F	NO	GTAGAGGA-CTAAGCCT
SOB05-T0	run3	T0	SOB05	F	YES	AGGCAGAA-CTAAGCCT
SOB05-T12	run3	T12	SOB05	F	YES	CTCTCTAC-CGTCTAAT
SOB05-T6	run3	T6	SOB05	F	YES	GCTCATGA-CTAAGCCT
SOB06-T0	run3	T0	SOB06	F	NO	TCCTGAGC-CTAAGCCT
SOB06-T12	run3	T12	SOB06	F	NO	CGAGGCTG-CGTCTAAT
SOB06-T6	run3	T6	SOB06	F	NO	ATCTCAGG-CTAAGCCT
SOB07-T0	run3	T0	SOB07	F	YES	GGACTCCT-CTAAGCCT
SOB07-T12	run1	T12	SOB07	F	YES	AAGAGGCA-CGTCTAAT
SOB07-T6	run1	T6	SOB07	F	YES	TAAGGCGA-CGTCTAAT
SOB08-T0	run3	T0	SOB08	F	NO	TAGGCATG-CTAAGCCT
SOB08-T12	run3	T12	SOB08	F	NO	GCTCATGA-TCTCTCCG
SOB08-T6	run3	T6	SOB08	F	NO	AAGAGGCA-TCTCTCCG
SOB09-T0	run3	T0	SOB09	F	EX	CTCTCTAC-CTAAGCCT
SOB09-T12	run3	T12	SOB09	F	EX	GCTCATGA-CGTCTAAT
SOB09-T6	run3	T6	SOB09	F	EX	AGGCAGAA-CGTCTAAT
SOB10-T0	run3	T0	SOB10	M	NO	CGAGGCTG-CTAAGCCT
SOB10-T12	run3	T12	SOB10	M	NO	ATCTCAGG-CGTCTAAT
SOB10-T6	run3	T6	SOB10	M	NO	TCCTGAGC-CGTCTAAT
SOB01-T12	run4	T12	SOB01	F	NO	TAGGCATG-AAGGCTAT
SOB01-T6	run4	T6	SOB01	F	NO	AGGCAGAA-CTATTAAG
SOB02-T0	run3	T0	SOB02	F	EX	TAAGGCGA-CTAAGCCT
SOB02-T12	run3	T12	SOB02	F	EX	GTAGAGGA-TCTCTCCG
SOB02-T6	run3	T6	SOB02	F	EX	AAGAGGCA-CTAAGCCT
SOB03-T0	run4	T0	SOB03	F	NO	TAAGGCGA-GCGTAAGA
SOB12-T12	run4	T12	SOB12	F	NO	CGAGGCTG-AAGGCTAT
SOB12-T6	run4	T6	SOB12	F	NO	GGACTCCT-CTATTAAG
SOB36-T0	run4	T0	SOB36	F	NO	CGTACTAG-CTATTAAG
SOB36-T6	run4	T6	SOB36	F	NO	GGACTCCT-AAGGCTAT
SOB32-T12	run4	T12	SOB32	F	EX	TCCTGAGC-GAGCCTTA
SOB32-T6	run1	T6	SOB32	F	EX	TAAGGCGA-AAGGCTAT
SOB33-T0	run1	T0	SOB33	F	NO	GCTCATGA-GCGTAAGA
SOB33-T12	run4	T12	SOB33	F	NO	GGACTCCT-GAGCCTTA
SOB33-T6	run1	T6	SOB33	F	NO	CGTACTAG-AAGGCTAT
SOB34-T0	run1	T0	SOB34	F	NO	ATCTCAGG-GCGTAAGA
SOB34-T6	run4	T6	SOB34	F	NO	AGGCAGAA-AAGGCTAT
SOB35-T0	run1	T0	SOB35	F	NO	TAAGGCGA-CTATTAAG
SOB35-T6	run4	T6	SOB35	F	NO	TCCTGAGC-AAGGCTAT
SOB23-T0	run1	T0	SOB23	F	NO	TCCTGAGC-CCTAGAGT
SOB23-T12	run1	T12	SOB23	F	NO	TAGGCATG-CTATTAAG
SOB23-T6	run1	T6	SOB23	F	NO	CTCTCTAC-GCGTAAGA
SOB24-T0	run1	T0	SOB24	M	NO	GGACTCCT-CCTAGAGT
SOB25-T0	run1	T0	SOB25	F	NO	AGGCAGAA-GCGTAAGA
SOB25-T12	run4	T12	SOB25	F	NO	AAGAGGCA-AAGGCTAT
SOB25-T6	run1	T6	SOB25	F	NO	TAGGCATG-CTATTAAG
SOB26-T0	run1	T0	SOB26	F	EX	TCCTGAGC-GCGTAAGA
SOB26-T12	run4	T12	SOB26	F	EX	GTAGAGGA-AAGGCTAT
SOB26-T6	run1	T6	SOB26	F	EX	CTCTCTAC-CTATTAAG
SOB27-T0	run1	T0	SOB27	F	NO	GGACTCCT-GCGTAAGA
SOB27-T12	run4	T12	SOB27	F	NO	GCTCATGA-AAGGCTAT
SOB27-T6	run1	T6	SOB27	F	NO	CGAGGCTG-CTATTAAG
SOB28-T0	run1	T0	SOB28	F	EX	TAGGCATG-GCGTAAGA
SOB28-T12	run4	T12	SOB28	F	EX	ATCTCAGG-AAGGCTAT
SOB28-T6	run1	T6	SOB28	F	EX	AAGAGGCA-CTATTAAG
SOB29-T0	run1	T0	SOB29	F	YES	CTCTCTAC-GCGTAAGA
SOB29-T12	run4	T12	SOB29	F	YES	TAAGGCGA-GAGCCTTA
SOB29-T6	run1	T6	SOB29	F	YES	GTAGAGGA-CTATTAAG
SOB30-T0	run1	T0	SOB30	F	EX	CGAGGCTG-GCGTAAGA
SOB30-T12	run4	T12	SOB30	F	NO	CGTACTAG-GAGCCTTA
SOB30-T6	run1	T6	SOB30	F	EX	GCTCATGA-CTATTAAG
SOB31-T0	run1	T0	SOB31	F	NO	AAGAGGCA-GCGTAAGA
SOB31-T12	run4	T12	SOB31	F	NO	AGGCAGAA-GAGCCTTA
SOB31-T6	run1	T6	SOB31	F	NO	ATCTCAGG-CTATTAAG
SOB32-T0	run1	T0	SOB32	F	EX	GTAGAGGA-GCGTAAGA
SOB21-T0	run1	T0	SOB21	F	NO	AGGCAGAA-CCTAGAGT
SOB21-T6	run1	T6	SOB21	F	NO	TAGGCATG-GCGTAAGA
SOB12-T0	run4	T0	SOB12	F	NO	CGTACTAG-GCGTAAGA
SOB03-T12	run4	T12	SOB03	F	NO	CTCTCTAC-AAGGCTAT
