#SampleID	run	Studies	Sample	Age	PhyYEScalActivity	BMI	R-BMI-OverTime	Gender	Smoke	Weight	MetS	WHratio	InterventionType	PCR	TNF?	IL6	BarcodeSequence
#q2:types	categorical	categorical	categorical	numeric	categorical	numeric	categorical	categorical	categorical	numeric	numeric	numeric	categorical	numeric	numeric	numeric	categorical
FOB01-T6	run2	T6	FOB01	46.6	No	27.1	 25 -> 30	F	NO	72.8	0	0.9	Sleeve	0	3.8	0.04	ATCTCAGG-TCGACTAG
FOB02-T12	run2	T12	FOB02	42	No	38	 35 -> 40	F	EX	94.8	0	0.8	Sleeve	2.2	14.5	22.9	CTCTCTAC-GTAAGGAG
FOB02-T6	run2	T6	FOB02	41.6	No	48.1	 45 -> 50	F	EX	120.2	0	1	Sleeve	7.46	0.02	0.3	AGGCAGAA-TATCCTCT
FOB03-T12	run2	T12	FOB03	42	No	30.6	 30 -> 35	F	NO	82.2	0	0.8	Sleeve	2.2	8.14	0.2	TAAGGCGA-CCTAGAGT
FOB03-T6	run2	T6	FOB03	41.6	No	35.7	 35 -> 40	F	NO	96	0	0.8	Sleeve	10.28	14.5	0.4	TAAGGCGA-TTCTAGCT
FOB04-T12	run2	T12	FOB04	62	No	37.2	 35 -> 40	F	NO	105.1	0	0.8	Sleeve	4.6	9.3	12.4	AAGAGGCA-GTAAGGAG
FOB04-T6	run2	T6	FOB04	61.6	No	39.4	 35 -> 40	F	NO	111.2	0	0.9	Sleeve	9.28	11.3	0.6	GGACTCCT-TATCCTCT
FOB05-T0	run2	T0	FOB05	37	No	40.5	 40 -> 45	F	YES	140	1		Sleeve+ring		3	10	TAAGGCGA-CTCTCTAT
FOB05-T12	run2	T12	FOB05	38	No	21.9	 20 -> 25	F	YES	75.7	0	0.8	Sleeve+ring	0.3	5.8	24	GTAGAGGA-GTAAGGAG
FOB05-T6	run2	T6	FOB05	37.6	No	24.7	 20 -> 25	F	YES	85.3	0	0.8	Sleeve+ring	0	8.27	0.6	TAGGCATG-TATCCTCT
FOB06-T0	run2	T0	FOB06	56	No	48.1	 45 -> 50	F	NO	131	1	1	Sleeve		4.7	20	CGTACTAG-CTCTCTAT
FOB06-T6	run2	T6	FOB06	56.6	Low	34.8	 35 -> 40	F	NO	94.7	1	1	Sleeve	9.53	8.6	0.9	CTCTCTAC-TATCCTCT
FOB07-T12	run1	T12	FOB07	50	Mod	24.9	 20 -> 25	F	YES	65.4	0	0.9	Sleeve	1.4	5.15	0.3	TAGGCATG-AAGGAGTA
FOB08-T6	run2	T6	FOB08	48.6	Low	27.5	 25 -> 30	F	NO	66.1	0	1	Bypass+ring	0	3.6	19	AGGCAGAA-AAGGAGTA
FOB09-T12	run2	T12	FOB09	60	No	32	 30 -> 35	F	EX	80.5	1	1	Sleeve+ring	1.1	5.8	0.3	ATCTCAGG-GTAAGGAG
FOB09-T6	run2	T6	FOB09	59.6	No	33.4	 30 -> 35	F	EX	84	0	0.9	Sleeve+ring	5.13	11.8	60	AAGAGGCA-TATCCTCT
FOB10-T0	run2	T0	FOB10	52	No	52.3	 50 -> 55	M	NO	168.5	1	1	Sleeve	12.4	22.6	0.4	CGTACTAG-AAGGAGTA
FOB10-T12	run2	T12	FOB10	53	No	36.1	 35 -> 40	M	NO	116.4	0	0.9	Sleeve	1.5	6.4	0.5	CGAGGCTG-AAGGAGTA
FOB10-T6	run2	T6	FOB10	52.6	Mod	39.3	 35 -> 40	M	NO	126.6	1	0.9	Sleeve	1.7	7	6.5	GGACTCCT-AAGGAGTA
FOB11-T0	run2	T0	FOB11	61	No	57.8	 55 -> 60	F	NO	130	1	0.8	Bypass+ring	6.05	0.02	77	TCCTGAGC-CTCTCTAT
FOB11-T12	run2	T12	FOB11	62	No	42.8	 40 -> 45	F	NO	96.3	0	0.9	Bypass+ring	3	4.6	372	CGTACTAG-ACTGCATA
FOB11-T6	run2	T6	FOB11	61.6	No	43.6	 40 -> 45	F	NO	98.1	0	0.9	Bypass+ring	3.9	2.21	502.6	GCTCATGA-TATCCTCT
FOB12-T0	run2	T0	FOB12	47	Low	41.8	 40 -> 45	F	NO	101	1	0.9	Sleeve+ring	9.41	15.9	71	GGACTCCT-CTCTCTAT
FOB12-T12	run2	T12	FOB12	48	No	28.1	 25 -> 30	F	NO	68	0	0.8	Sleeve+ring	1.4	4.7	122.2	AGGCAGAA-ACTGCATA
FOB12-T6	run2	T6	FOB12	47.6	Low	32	 30 -> 35	F	NO	77.3	0	0.8	Sleeve+ring	2.5	3.15	114.9	ATCTCAGG-TATCCTCT
FOB13-T0	run2	T0	FOB13	43	No	53.6	 50 -> 55	F	NO	132	1	0.8	Sleeve+ring	18.05	12.9	0.3	TAGGCATG-CTCTCTAT
FOB13-T12	run2	T12	FOB13	44	Int	32.4	 30 -> 35	F	NO	79.8	0	0.9	Sleeve+ring	6.8	6.6	126	TCCTGAGC-ACTGCATA
FOB13-T6	run2	T6	FOB13	43.6	Int	37.1	 35 -> 40	F	NO	91.4	0	0.8	Sleeve+ring	9.3	6.4	145	TAAGGCGA-GTAAGGAG
FOB14-T0	run2	T0	FOB14	64	No	39.5	 35 -> 40	F	YES	105	1	0.9	Sleeve+ring	9.37	9.18	107.6	CTCTCTAC-CTCTCTAT
FOB14-T12	run2	T12	FOB14	65	No	27.3	 25 -> 30	F	YES	72.6	1	0.8	Sleeve+ring	2.2	6.4	3.4	GGACTCCT-ACTGCATA
FOB14-T6	run2	T6	FOB14	64.6	No	30.7	 30 -> 35	F	YES	81.5	0	0.8	Sleeve+ring	5.9	3.5	75	CGTACTAG-GTAAGGAG
FOB15-T0	run2	T0	FOB15	24	No	51.4	 50 -> 55	F	NO	130	0	0.8	Sleeve+ring	13.47	9.2	6.32	CGAGGCTG-CTCTCTAT
FOB15-T12	run2	T12	FOB15	25	Mod	25.8	 25 -> 30	F	NO	65.2	0	0.9	Sleeve+ring	0.6	8	0.44	TAGGCATG-ACTGCATA
FOB15-T6	run2	T6	FOB15	24.6	Mod	32.7	 30 -> 35	F	NO	82.7	0	0.8	Sleeve+ring	3.7	9.9	2	AGGCAGAA-GTAAGGAG
FOB16-T0	run2	T0	FOB16	44	No	48	 45 -> 50	F	YES	122	0	0.8	Sleeve+ring	2.28	6.7	0.1	AAGAGGCA-CTCTCTAT
FOB16-T12	run2	T12	FOB16	45	Low	30.4	 30 -> 35	F	EX	77.3	0	0.8	Sleeve+ring	0.4	4.7	0.43	CTCTCTAC-ACTGCATA
FOB17-T0	run2	T0	FOB17	44	No	45.7	 45 -> 50	M	EX	148	1	0.9	Sleeve+ring	6.36	6.8	0.1	GTAGAGGA-CTCTCTAT
FOB17-T12	run2	T12	FOB17	45	No	31.5	 30 -> 35	M	EX	102.1	1	0.9	Sleeve+ring	1.2	6.7	0.42	CGAGGCTG-ACTGCATA
FOB17-T6	run2	T6	FOB17	44.6	No	34.6	 30 -> 35	M	EX	112.2	1	0.9	Sleeve+ring	1.4	8.9	0.1	TCCTGAGC-GTAAGGAG
FOB18-T0	run2	T0	FOB18	52	No	36	 35 -> 40	F	EX	91	0	0.9	Sleeve+ring	8.11	8	0.1	GCTCATGA-CTCTCTAT
FOB18-T12	run2	T12	FOB18	53	Mod	24.9	 20 -> 25	F	EX	63	0	0.8	Sleeve+ring	1	5.6	0.4	AAGAGGCA-ACTGCATA
FOB18-T6	run2	T6	FOB18	52.6	Mod	27.3	 25 -> 30	F	EX	68.9	0	0.8	Sleeve+ring	3.3	10	0.03	GGACTCCT-GTAAGGAG
FOB20-T0	run2	T0	FOB20	26	No	44.4	 40 -> 45	F	YES	118	0	0.8	Sleeve+ring		0.05	30.8	ATCTCAGG-CTCTCTAT
FOB21-T0	run1	T0	FOB21	36	No	39.8	 35 -> 40	F	NO	111	1	0.8	Sleeve+ring	1.6	4	20.6	TAAGGCGA-TCGACTAG
FOB21-T6	run1	T6	FOB21	36.6	No	33.5	 30 -> 35	F	NO	93.4	0	0.8	Sleeve+ring	0.9	3.7	0.4	CGTACTAG-TTCTAGCT
FOB22-T0	run2	T0	FOB22	56	No	40.3	 40 -> 45	F	NO	105	1	1.3	Sleeve+ring	1.1	13.9	25.1	TAAGGCGA-TATCCTCT
FOB22-T12	run2	T12	FOB22	57	Low	31.8	 30 -> 35	F	NO	82.9	0	0.7	Sleeve+ring	1	26.9	1.29	GTAGAGGA-ACTGCATA
FOB22-T6	run2	T6	FOB22	56.6	Low	31.9	 30 -> 35	F	NO	83.1	0	0.7	Sleeve+ring	0.7	6.7	2	TAGGCATG-GTAAGGAG
FOB23-T0	run1	T0	FOB23	40	No	45.1	 45 -> 50	F	NO	138	0	0.9	Sleeve	11.4	15.1	0.3	CGTACTAG-TCGACTAG
FOB23-T12	run1	T12	FOB23	41	Mod	30.9	 30 -> 35	F	NO	94.6	0	0.8	Sleeve	1.4	41.5	1.13	ATCTCAGG-TTCTAGCT
FOB23-T6	run1	T6	FOB23	40.6	No	33.8	 30 -> 35	F	NO	103.4	0	0.8	Sleeve	2.6	9.3	0.4	AGGCAGAA-TTCTAGCT
FOB24-T0	run1	T0	FOB24	52	No	48.5	 45 -> 50	M	NO	152	1	1.2	Sleeve	10.6	21	0.3	AGGCAGAA-TCGACTAG
FOB25-T0	run1	T0	FOB25	57	No	45	 45 -> 50	F	NO	108	0	0.8	Sleeve	7.1	5.46	0.2	TAAGGCGA-TCGACTAG
FOB25-T12	run4	T12	FOB25	58	Mod	29.9	 25 -> 30	F	NO	71.8	0	0.9	Sleeve	1.4	22.7	330	CGTACTAG-CCTAGAGT
FOB26-T0	run1	T0	FOB26	50	No	39.7	 35 -> 40	F	EX	112	0	0.9	RYGB	3.7	7.7	34	CGTACTAG-TCGACTAG
FOB26-T12	run4	T12	FOB26	51	No	29.7	 25 -> 30	F	EX	83.9	0	0.8	RYGB	0.3	8.5	15	AGGCAGAA-CCTAGAGT
FOB26-T6	run1	T6	FOB26	50.6	No	33.4	 30 -> 35	F	EX	94.4	0	0.9	RYGB	0.8	3.7	3.4	CGTACTAG-TTCTAGCT
FOB27-T0	run1	T0	FOB27	31	No	44	 40 -> 45	F	NO	95	0	0.8	Sleeve	14.9	2.7	40.6	AGGCAGAA-TCGACTAG
FOB27-T12	run4	T12	FOB27	32	No	29.7	 25 -> 30	F	NO	64.2	0	0.8	Sleeve		5.9	15.7	TCCTGAGC-CCTAGAGT
FOB27-T6	run1	T6	FOB27	31.6	No	30.5	 30 -> 35	F	NO	65.9	0	0.8	sleeve	1.9	3.05	35.2	AGGCAGAA-TTCTAGCT
FOB28-T12	run4	T12	FOB28	59	No	33.8	 30 -> 35	F	EX	101.1	1	0.9	Sleeve	4.7	7.4	230	GGACTCCT-CCTAGAGT
FOB28-T6	run1	T6	FOB28	58.6	No	35.4	 35 -> 40	F	EX	106	1	0.9	sleeve	3.9	7.6	113.7	TCCTGAGC-TTCTAGCT
FOB29-T0	run1	T0	FOB29	46	No	34.7	 35 -> 40	F	YES	105	1	1	Sleeve+ring	3	40	18	TCCTGAGC-TCGACTAG
FOB29-T12	run4	T12	FOB29	47	No	23.4	 20 -> 25	F	YES	70.8	0	0.8	Sleeve+ring	1.9	8.5	0.2	TAGGCATG-CCTAGAGT
FOB29-T6	run1	T6	FOB29	46.6	No	25	 25 -> 30	F	YES	75.8	0	0.8	Sleeve+ring	1.5	11	0.5	GGACTCCT-TTCTAGCT
FOB30-T0	run1	T0	FOB30	58	No	44.1	 40 -> 45	F	EX	113	0	0.9	Sleeve	1.3	16.6	2000	GGACTCCT-TCGACTAG
FOB30-T12	run4	T12	FOB30	59	Low	28.1	 25 -> 30	F	NO	71.9	0	0.8	Sleeve	0.6	8	24.7	CTCTCTAC-CCTAGAGT
FOB30-T6	run1	T6	FOB30	58.6	Low	34	 30 -> 35	F	EX	87.1	0	0.9	Sleeve	1	7	2000	TAGGCATG-TTCTAGCT
FOB31-T0	run1	T0	FOB31	37	No	46.1	 45 -> 50	F	NO	118	0	0.9	Sleeve	7.2	10.4	0.3	TAGGCATG-TCGACTAG
FOB31-T12	run4	T12	FOB31	38	Low	31.9	 30 -> 35	F	NO	81.6	0	0.9	Sleeve	0.6	13.1	0.1	CGAGGCTG-CCTAGAGT
FOB31-T6	run1	T6	FOB31	37.6	Low	34.8	 30 -> 35	F	NO	89.1	0	0.9	Sleeve	3.6	5.1	0.37	CTCTCTAC-TTCTAGCT
FOB32-T0	run1	T0	FOB32	65	No	49.8	 45 -> 50	F	EX	109	1	0.9	MGB	5.4	4.08	25.5	CTCTCTAC-TCGACTAG
FOB32-T12	run4	T12	FOB32	66	No	29.6	 25 -> 30	F	EX	64.9	0	0.8	MGB	2	9	1.15	AAGAGGCA-CCTAGAGT
FOB32-T6	run1	T6	FOB32	65.6	No	38.2	 35 -> 40	F	EX	83.6	1	0.8	MGB	6.2	17.3	1.29	CGAGGCTG-TTCTAGCT
FOB33-T0	run1	T0	FOB33	37	No	42.5	 40 -> 45	F	NO	113	0	0.9	Sleeve	15.4	7.4	11	CGAGGCTG-TCGACTAG
FOB33-T6	run1	T6	FOB33	37.6	Mod	33	 30 -> 35	F	NO	87.7	0	0.8	Sleeve	2.9	12.4	64.2	AAGAGGCA-TTCTAGCT
FOB34-T0	run1	T0	FOB34	41	No	37.7	 35 -> 40	F	NO	94	1	0.8	Sleeve	14.4	11.4	0.58	AAGAGGCA-TCGACTAG
FOB34-T6	run4	T6	FOB34	41.6	No	30.6	 30 -> 35	F	NO	76.4	0	0.8	Sleeve	1.9	6.7	0.3	GTAGAGGA-TTCTAGCT
FOB35-T0	run1	T0	FOB35	59	No	38.4	 35 -> 40	F	NO	90	1	0.9	Sleeve	2.9	4.3	0.46	GTAGAGGA-TCGACTAG
FOB35-T6	run4	T6	FOB35	59.6	No	30.4	 30 -> 35	F	NO	71.1	0	0.8	Sleeve	0.7	7.6	0.4	GCTCATGA-TTCTAGCT
FOB36-T0	run2	T0	FOB36	35	No	45.5	 45 -> 50	F	NO	130	0	0.7	MGB	6.2	6.5	73.7	GTAGAGGA-TCGACTAG
FOB36-T6	run4	T6	FOB36	35.6	No	33.6	 30 -> 35	F	NO	96.1	0	0.7	MGB	2.3	13.6	0.3	ATCTCAGG-TTCTAGCT
