#SampleID	Run	Studies	Sample	Gender	Smoke	BarcodeSequence
#q2:types	categorical	categorical	categorical	categorical	categorical	categorical
SOB03-T6	run4	T6	SOB03	F	NO	TCCTGAGC-CTATTAAG
SOB04-T0	run3	T0	SOB04	F	NO	CGAGGCTG-TCTCTCCG
SOB04-T12	run3	T12	SOB04	F	NO	TAGGCATG-CGTCTAAT
SOB04-T6	run3	T6	SOB04	F	NO	GTAGAGGA-CTAAGCCT
SOB05-T0	run3	T0	SOB05	F	YES	AGGCAGAA-CTAAGCCT
SOB05-T12	run3	T12	SOB05	F	YES	CTCTCTAC-CGTCTAAT
SOB05-T6	run3	T6	SOB05	F	YES	GCTCATGA-CTAAGCCT
SOB06-T0	run3	T0	SOB06	F	NO	TCCTGAGC-CTAAGCCT
SOB06-T12	run3	T12	SOB06	F	NO	CGAGGCTG-CGTCTAAT
SOB06-T6	run3	T6	SOB06	F	NO	ATCTCAGG-CTAAGCCT
SOB07-T0	run3	T0	SOB07	F	YES	GGACTCCT-CTAAGCCT
SOB07-T12	run1	T12	SOB07	F	YES	AAGAGGCA-CGTCTAAT
SOB07-T6	run1	T6	SOB07	F	YES	TAAGGCGA-CGTCTAAT
SOB08-T0	run3	T0	SOB08	F	NO	TAGGCATG-CTAAGCCT
SOB08-T12	run3	T12	SOB08	F	NO	GCTCATGA-TCTCTCCG
SOB08-T6	run3	T6	SOB08	F	NO	AAGAGGCA-TCTCTCCG
SOB09-T0	run3	T0	SOB09	F	EX	CTCTCTAC-CTAAGCCT
SOB09-T12	run3	T12	SOB09	F	EX	GCTCATGA-CGTCTAAT
SOB09-T6	run3	T6	SOB09	F	EX	AGGCAGAA-CGTCTAAT
SOB10-T0	run3	T0	SOB10	M	NO	CGAGGCTG-CTAAGCCT
SOB10-T12	run3	T12	SOB10	M	NO	ATCTCAGG-CGTCTAAT
SOB10-T6	run3	T6	SOB10	M	NO	TCCTGAGC-CGTCTAAT
SOB01-T12	run4	T12	SOB01	F	NO	TAGGCATG-AAGGCTAT
SOB01-T6	run4	T6	SOB01	F	NO	AGGCAGAA-CTATTAAG
SOB02-T0	run3	T0	SOB02	F	EX	TAAGGCGA-CTAAGCCT
SOB02-T12	run3	T12	SOB02	F	EX	GTAGAGGA-TCTCTCCG
SOB02-T6	run3	T6	SOB02	F	EX	AAGAGGCA-CTAAGCCT
SOB03-T0	run4	T0	SOB03	F	NO	TAAGGCGA-GCGTAAGA
SOB12-T12	run4	T12	SOB12	F	NO	CGAGGCTG-AAGGCTAT
SOB12-T6	run4	T6	SOB12	F	NO	GGACTCCT-CTATTAAG
SOB36-T0	run4	T0	SOB36	F	NO	CGTACTAG-CTATTAAG
SOB36-T6	run4	T6	SOB36	F	NO	GGACTCCT-AAGGCTAT
SOB32-T12	run4	T12	SOB32	F	EX	TCCTGAGC-GAGCCTTA
SOB32-T6	run1	T6	SOB32	F	EX	TAAGGCGA-AAGGCTAT
SOB33-T0	run1	T0	SOB33	F	NO	GCTCATGA-GCGTAAGA
SOB33-T12	run4	T12	SOB33	F	NO	GGACTCCT-GAGCCTTA
SOB33-T6	run1	T6	SOB33	F	NO	CGTACTAG-AAGGCTAT
SOB34-T0	run1	T0	SOB34	F	NO	ATCTCAGG-GCGTAAGA
SOB34-T6	run4	T6	SOB34	F	NO	AGGCAGAA-AAGGCTAT
SOB35-T0	run1	T0	SOB35	F	NO	TAAGGCGA-CTATTAAG
SOB35-T6	run4	T6	SOB35	F	NO	TCCTGAGC-AAGGCTAT
SOB23-T0	run1	T0	SOB23	F	NO	TCCTGAGC-CCTAGAGT
SOB23-T12	run1	T12	SOB23	F	NO	TAGGCATG-CTATTAAG
SOB23-T6	run1	T6	SOB23	F	NO	CTCTCTAC-GCGTAAGA
SOB24-T0	run1	T0	SOB24	M	NO	GGACTCCT-CCTAGAGT
SOB25-T0	run1	T0	SOB25	F	NO	AGGCAGAA-GCGTAAGA
SOB25-T12	run4	T12	SOB25	F	NO	AAGAGGCA-AAGGCTAT
SOB25-T6	run1	T6	SOB25	F	NO	TAGGCATG-CTATTAAG
SOB26-T0	run1	T0	SOB26	F	EX	TCCTGAGC-GCGTAAGA
SOB26-T12	run4	T12	SOB26	F	EX	GTAGAGGA-AAGGCTAT
SOB26-T6	run1	T6	SOB26	F	EX	CTCTCTAC-CTATTAAG
SOB27-T0	run1	T0	SOB27	F	NO	GGACTCCT-GCGTAAGA
SOB27-T12	run4	T12	SOB27	F	NO	GCTCATGA-AAGGCTAT
SOB27-T6	run1	T6	SOB27	F	NO	CGAGGCTG-CTATTAAG
SOB28-T0	run1	T0	SOB28	F	EX	TAGGCATG-GCGTAAGA
SOB28-T12	run4	T12	SOB28	F	EX	ATCTCAGG-AAGGCTAT
SOB28-T6	run1	T6	SOB28	F	EX	AAGAGGCA-CTATTAAG
SOB29-T0	run1	T0	SOB29	F	YES	CTCTCTAC-GCGTAAGA
SOB29-T12	run4	T12	SOB29	F	YES	TAAGGCGA-GAGCCTTA
SOB29-T6	run1	T6	SOB29	F	YES	GTAGAGGA-CTATTAAG
SOB30-T0	run1	T0	SOB30	F	EX	CGAGGCTG-GCGTAAGA
SOB30-T12	run4	T12	SOB30	F	NO	CGTACTAG-GAGCCTTA
SOB30-T6	run1	T6	SOB30	F	EX	GCTCATGA-CTATTAAG
SOB31-T0	run1	T0	SOB31	F	NO	AAGAGGCA-GCGTAAGA
SOB31-T12	run4	T12	SOB31	F	NO	AGGCAGAA-GAGCCTTA
SOB31-T6	run1	T6	SOB31	F	NO	ATCTCAGG-CTATTAAG
SOB32-T0	run1	T0	SOB32	F	EX	GTAGAGGA-GCGTAAGA
SOB21-T0	run1	T0	SOB21	F	NO	AGGCAGAA-CCTAGAGT
SOB21-T6	run1	T6	SOB21	F	NO	TAGGCATG-GCGTAAGA
SOB12-T0	run4	T0	SOB12	F	NO	CGTACTAG-GCGTAAGA
SOB03-T12	run4	T12	SOB03	F	NO	CTCTCTAC-AAGGCTAT
FOB01-T6	run2	T6	FOB01	F	NO	ATCTCAGG-TCGACTAG
FOB02-T12	run2	T12	FOB02	F	EX	CTCTCTAC-GTAAGGAG
FOB02-T6	run2	T6	FOB02	F	EX	AGGCAGAA-TATCCTCT
FOB03-T12	run2	T12	FOB03	F	NO	TAAGGCGA-CCTAGAGT
FOB03-T6	run2	T6	FOB03	F	NO	TAAGGCGA-TTCTAGCT
FOB04-T12	run2	T12	FOB04	F	NO	AAGAGGCA-GTAAGGAG
FOB04-T6	run2	T6	FOB04	F	NO	GGACTCCT-TATCCTCT
FOB05-T0	run2	T0	FOB05	F	YES	TAAGGCGA-CTCTCTAT
FOB05-T12	run2	T12	FOB05	F	YES	GTAGAGGA-GTAAGGAG
FOB05-T6	run2	T6	FOB05	F	YES	TAGGCATG-TATCCTCT
FOB06-T0	run2	T0	FOB06	F	NO	CGTACTAG-CTCTCTAT
FOB06-T6	run2	T6	FOB06	F	NO	CTCTCTAC-TATCCTCT
FOB07-T12	run1	T12	FOB07	F	YES	TAGGCATG-AAGGAGTA
FOB08-T6	run2	T6	FOB08	F	NO	AGGCAGAA-AAGGAGTA
FOB09-T12	run2	T12	FOB09	F	EX	ATCTCAGG-GTAAGGAG
FOB09-T6	run2	T6	FOB09	F	EX	AAGAGGCA-TATCCTCT
FOB10-T0	run2	T0	FOB10	M	NO	CGTACTAG-AAGGAGTA
FOB10-T12	run2	T12	FOB10	M	NO	CGAGGCTG-AAGGAGTA
FOB10-T6	run2	T6	FOB10	M	NO	GGACTCCT-AAGGAGTA
FOB11-T0	run2	T0	FOB11	F	NO	TCCTGAGC-CTCTCTAT
FOB11-T12	run2	T12	FOB11	F	NO	CGTACTAG-ACTGCATA
FOB11-T6	run2	T6	FOB11	F	NO	GCTCATGA-TATCCTCT
FOB12-T0	run2	T0	FOB12	F	NO	GGACTCCT-CTCTCTAT
FOB12-T12	run2	T12	FOB12	F	NO	AGGCAGAA-ACTGCATA
FOB12-T6	run2	T6	FOB12	F	NO	ATCTCAGG-TATCCTCT
FOB13-T0	run2	T0	FOB13	F	NO	TAGGCATG-CTCTCTAT
FOB13-T12	run2	T12	FOB13	F	NO	TCCTGAGC-ACTGCATA
FOB13-T6	run2	T6	FOB13	F	NO	TAAGGCGA-GTAAGGAG
FOB14-T0	run2	T0	FOB14	F	YES	CTCTCTAC-CTCTCTAT
FOB14-T12	run2	T12	FOB14	F	YES	GGACTCCT-ACTGCATA
FOB14-T6	run2	T6	FOB14	F	YES	CGTACTAG-GTAAGGAG
FOB15-T0	run2	T0	FOB15	F	NO	CGAGGCTG-CTCTCTAT
FOB15-T12	run2	T12	FOB15	F	NO	TAGGCATG-ACTGCATA
FOB15-T6	run2	T6	FOB15	F	NO	AGGCAGAA-GTAAGGAG
FOB16-T0	run2	T0	FOB16	F	YES	AAGAGGCA-CTCTCTAT
FOB16-T12	run2	T12	FOB16	F	EX	CTCTCTAC-ACTGCATA
FOB17-T0	run2	T0	FOB17	M	EX	GTAGAGGA-CTCTCTAT
FOB17-T12	run2	T12	FOB17	M	EX	CGAGGCTG-ACTGCATA
FOB17-T6	run2	T6	FOB17	M	EX	TCCTGAGC-GTAAGGAG
FOB18-T0	run2	T0	FOB18	F	EX	GCTCATGA-CTCTCTAT
FOB18-T12	run2	T12	FOB18	F	EX	AAGAGGCA-ACTGCATA
FOB18-T6	run2	T6	FOB18	F	EX	GGACTCCT-GTAAGGAG
FOB20-T0	run2	T0	FOB20	F	YES	ATCTCAGG-CTCTCTAT
FOB21-T0	run1	T0	FOB21	F	NO	TAAGGCGA-TCGACTAG
FOB21-T6	run1	T6	FOB21	F	NO	CGTACTAG-TTCTAGCT
FOB22-T0	run2	T0	FOB22	F	NO	TAAGGCGA-TATCCTCT
FOB22-T12	run2	T12	FOB22	F	NO	GTAGAGGA-ACTGCATA
FOB22-T6	run2	T6	FOB22	F	NO	TAGGCATG-GTAAGGAG
FOB23-T0	run1	T0	FOB23	F	NO	CGTACTAG-TCGACTAG
FOB23-T12	run1	T12	FOB23	F	NO	ATCTCAGG-TTCTAGCT
FOB23-T6	run1	T6	FOB23	F	NO	AGGCAGAA-TTCTAGCT
FOB24-T0	run1	T0	FOB24	M	NO	AGGCAGAA-TCGACTAG
FOB25-T0	run1	T0	FOB25	F	NO	TAAGGCGA-TCGACTAG
FOB25-T12	run4	T12	FOB25	F	NO	CGTACTAG-CCTAGAGT
FOB26-T0	run1	T0	FOB26	F	EX	CGTACTAG-TCGACTAG
FOB26-T12	run4	T12	FOB26	F	EX	AGGCAGAA-CCTAGAGT
FOB26-T6	run1	T6	FOB26	F	EX	CGTACTAG-TTCTAGCT
FOB27-T0	run1	T0	FOB27	F	NO	AGGCAGAA-TCGACTAG
FOB27-T12	run4	T12	FOB27	F	NO	TCCTGAGC-CCTAGAGT
FOB27-T6	run1	T6	FOB27	F	NO	AGGCAGAA-TTCTAGCT
FOB28-T12	run4	T12	FOB28	F	EX	GGACTCCT-CCTAGAGT
FOB28-T6	run1	T6	FOB28	F	EX	TCCTGAGC-TTCTAGCT
FOB29-T0	run1	T0	FOB29	F	YES	TCCTGAGC-TCGACTAG
FOB29-T12	run4	T12	FOB29	F	YES	TAGGCATG-CCTAGAGT
FOB29-T6	run1	T6	FOB29	F	YES	GGACTCCT-TTCTAGCT
FOB30-T0	run1	T0	FOB30	F	EX	GGACTCCT-TCGACTAG
FOB30-T12	run4	T12	FOB30	F	NO	CTCTCTAC-CCTAGAGT
FOB30-T6	run1	T6	FOB30	F	EX	TAGGCATG-TTCTAGCT
FOB31-T0	run1	T0	FOB31	F	NO	TAGGCATG-TCGACTAG
FOB31-T12	run4	T12	FOB31	F	NO	CGAGGCTG-CCTAGAGT
FOB31-T6	run1	T6	FOB31	F	NO	CTCTCTAC-TTCTAGCT
FOB32-T0	run1	T0	FOB32	F	EX	CTCTCTAC-TCGACTAG
FOB32-T12	run4	T12	FOB32	F	EX	AAGAGGCA-CCTAGAGT
FOB32-T6	run1	T6	FOB32	F	EX	CGAGGCTG-TTCTAGCT
FOB33-T0	run1	T0	FOB33	F	NO	CGAGGCTG-TCGACTAG
FOB33-T6	run1	T6	FOB33	F	NO	AAGAGGCA-TTCTAGCT
FOB34-T0	run1	T0	FOB34	F	NO	AAGAGGCA-TCGACTAG
FOB34-T6	run4	T6	FOB34	F	NO	GTAGAGGA-TTCTAGCT
FOB35-T0	run1	T0	FOB35	F	NO	GTAGAGGA-TCGACTAG
FOB35-T6	run4	T6	FOB35	F	NO	GCTCATGA-TTCTAGCT
FOB36-T0	run2	T0	FOB36	F	NO	GTAGAGGA-TCGACTAG
FOB36-T6	run4	T6	FOB36	F	NO	ATCTCAGG-TTCTAGCT
S0509-T0	run4	T0	S0509	F	NO	AAGAGGCA-GAGCCTTA
S0510-T0	run4	T0	S0510	F	YES	GTAGAGGA-GAGCCTTA
S0611-T0	run4	T0	S0611	M	NO	GCTCATGA-GAGCCTTA
S0612-T0	run4	T0	S0612	M	YES	ATCTCAGG-GAGCCTTA
S0713-T0	run4	T0	S0713	F	NO	TAAGGCGA-TTATGCGA
S0714-T0	run4	T0	S0714	F	NO	CGTACTAG-TTATGCGA
S0815-T0	run4	T0	S0815	F	NO	AGGCAGAA-TTATGCGA
S0816-T0	run4	T0	S0816	F	NO	TCCTGAGC-TTATGCGA
S0917-T0	run4	T0	S0917	M	NO	GGACTCCT-TTATGCGA
S0918-T0	run4	T0	S0918	M	NO	TAGGCATG-TTATGCGA
S1019-T0	run1	T0	S1019	F	NO	GCTCATGA-GAGCCTTA
S1020-T0	run1	T0	S1020	F	NO	ATCTCAGG-GAGCCTTA
S1121-T0	run1	T0	S1121	M	NO	TAAGGCGA-TTATGCGA
S1122-T0	run1	T0	S1122	M	YES	CGTACTAG-TTATGCGA
S1223-T0	run1	T0	S1223	F	YES	TACGCTGC-TTCTAGCT
S1224-T0	run1	T0	S1224	F	YES	ATGCGCAG-TTCTAGCT
S1325-T0	run1	T0	S1325	F	YES	AGGCAGAA-TTATGCGA
S1326-T0	run1	T0	S1326	F	YES	TCCTGAGC-TTATGCGA
S1427-T0	run1	T0	S1427	F	EX	TAGCGCTC-TTCTAGCT
S1428-T0	run1	T0	S1428	F	EX	ACTGAGCG-TTCTAGCT
S1529-T0	run2	T0	S1529	M	NO	CCTAAGAC-TTCTAGCT
S1530-T0	run2	T0	S1530	M	NO	CGATCAGT-TTCTAGCT
S1631-T0	run2	T0	S1631	F	NO	TGCAGCTA-TTCTAGCT
S1631-T6	run2	T0	S1631	F	NO	TAGCGCTC-CCTAGAGT
S1632-T0	run2	T0	S1632	F	NO	TCGACGTC-TTCTAGCT
S1-T0	run3	T0	S1	M	NO	TAAGGCGA-CTCTCTAT
S10-T0	run3	T0	S10	M	EX	GTAGAGGA-GTAAGGAG
S11-T0	run3	T0	S11	F	EX	GCTCATGA-GTAAGGAG
S12-T0	run3	T0	S12	M	YES	ATCTCAGG-GTAAGGAG
S13-T0	run3	T0	S13	M	EX	TAAGGCGA-ACTGCATA
S14-T0	run3	T0	S14	M	YES	CGTACTAG-ACTGCATA
S15-T0	run3	T0	S15	F	NO	AGGCAGAA-ACTGCATA
S16-T0	run3	T0	S16	F	EX	TCCTGAGC-ACTGCATA
S17-T0	run3	T0	S17	M	NO	GGACTCCT-ACTGCATA
S19-T0	run3	T0	S19	M	YES	TAGGCATG-ACTGCATA
S2-T0	run3	T0	S2	F	EX	AGGCAGAA-GTAAGGAG
S20-T0	run3	T0	S20	M	EX	CTCTCTAC-ACTGCATA
S21-T0	run3	T0	S21	M	NO	CGAGGCTG-ACTGCATA
S22-T0	run3	T0	S22	F	EX	AAGAGGCA-ACTGCATA
S23-T0	run3	T0	S23	F	NO	GTAGAGGA-ACTGCATA
S24-T0	run3	T0	S24	F	EX	GCTCATGA-ACTGCATA
S25-T0	run3	T0	S25	F	EX	ATCTCAGG-ACTGCATA
S26-T0	run3	T0	S26	F	NO	TAAGGCGA-GTAAGGAG
S3-T0	run3	T0	S3	M	EX	TCCTGAGC-GTAAGGAG
S4-T0	run3	T0	S4	M	EX	GGACTCCT-GTAAGGAG
S5-T0	run3	T0	S5	F	NO	TAGGCATG-GTAAGGAG
S6-T0	run3	T0	S6	M	NO	CTCTCTAC-GTAAGGAG
S7-T0	run3	T0	S7	F	NO	CGAGGCTG-GTAAGGAG
S8-T0	run3	T0	S8	F	NO	CGAGGCTG-CTCTCTAT
S9-T0	run3	T0	S9	M	EX	AAGAGGCA-GTAAGGAG
S0203-T6	run1	T6	S0203	F	NO	GGACTCCT-TTATGCGA
S0204-T6	run1	T6	S0204	F	NO	TAGGCATG-TTATGCGA
S0407-T6	run1	T6	S0407	F	NO	CTCTCTAC-TTATGCGA
S0408-T6	run1	T6	S0408	F	NO	CGAGGCTG-TTATGCGA
S0713-T6	run1	T6	S0713	F	NO	CTCTCTAC-TTATGCGA
S0714-T6	run1	T6	S0714	F	NO	CGAGGCTG-TTATGCGA
S1121-T6	run1	T6	S1121	M	NO	GCTCATGA-TTATGCGA
S1122-T6	run1	T6	S1122	M	YES	ATCTCAGG-TTATGCGA
S1223-T6	run1	T6	S1223	F	YES	ACTCGCTA-CCTAGAGT
S1224-T6	run1	T6	S1224	F	YES	GGAGCTAC-CCTAGAGT
S1427-T6	run1	T6	S1427	F	EX	GCGTAGTA-CCTAGAGT
S1428-T6	run1	T6	S1428	F	EX	CGGAGCCT-CCTAGAGT
S1529-T6	run2	T6	S1529	M	NO	TACGCTGC-CCTAGAGT
S1530-T6	run2	T6	S1530	M	NO	ATGCGCAG-CCTAGAGT
S1632-T6	run2	T6	S1632	F	NO	ACTGAGCG-CCTAGAGT
F0203-T0	run1	T0	F0203	F	NO	CTCTCTAC-CTATTAAG
F0203-T6	run1	T6	F0203	F	NO	AGGCAGAA-GAGCCTTA
F0204-T0	run1	T0	F0204	F	NO	CGAGGCTG-CTATTAAG
F0204-T6	run1	T6	F0204	F	NO	TCCTGAGC-GAGCCTTA
F0407-T0	run1	T0	F0407	F	NO	AAGAGGCA-CTATTAAG
F0407-T6	run1	T6	F0407	F	NO	GGACTCCT-GAGCCTTA
F0408-T0	run1	T0	F0408	F	NO	GTAGAGGA-CTATTAAG
F0408-T6	run1	T6	F0408	F	NO	TAGGCATG-GAGCCTTA
F0509-T0	run1	T0	F0509	F	NO	GCTCATGA-CTATTAAG
F0510-T0	run1	T0	F0510	F	YES	ATCTCAGG-CTATTAAG
F0611-T0	run1	T0	F0611	M	NO	TAAGGCGA-AAGGCTAT
F0612-T0	run1	T0	F0612	M	YES	CGTACTAG-AAGGCTAT
F0713-T0	run1	T0	F0713	F	NO	AGGCAGAA-AAGGCTAT
F0713-T6	run1	T6	F0713	F	NO	CTCTCTAC-GAGCCTTA
F0714-T0	run1	T0	F0714	F	NO	TCCTGAGC-AAGGCTAT
F0714-T6	run1	T6	F0714	F	NO	CGAGGCTG-GAGCCTTA
F0815-T0	run1	T0	F0815	F	NO	GGACTCCT-AAGGCTAT
F0816-T0	run1	T0	F0816	F	NO	TAGGCATG-AAGGCTAT
F0917-T0	run1	T0	F0917	M	NO	CTCTCTAC-AAGGCTAT
F0918-T0	run1	T0	F0918	M	NO	CGAGGCTG-AAGGCTAT
F1-T0	run3	T0	F1	M	NO	CGTACTAG-GTAAGGAG
F10-T0	run3	T0	F10	M	EX	GTAGAGGA-GTAAGGAG
F1019-T0	run1	T0	F1019	F	NO	AAGAGGCA-AAGGCTAT
F1020-T0	run1	T0	F1020	F	NO	GTAGAGGA-AAGGCTAT
F11-T0	run3	T0	F11	F	EX	GCTCATGA-GTAAGGAG
F1121-T0	run1	T0	F1121	M	NO	GCTCATGA-AAGGCTAT
F1121-T6	run1	T6	F1121	M	NO	AAGAGGCA-GAGCCTTA
F1122-T0	run1	T0	F1122	M	YES	ATCTCAGG-AAGGCTAT
F1122-T6	run1	T6	F1122	M	YES	GTAGAGGA-GAGCCTTA
F12-T0	run3	T0	F12	M	YES	ATCTCAGG-GTAAGGAG
F1223-T0	run1	T0	F1223	F	YES	ACTCGCTA-TCGACTAG
F1223-T6	run1	T6	F1223	F	YES	CCTAAGAC-TCGACTAG
F1224-T0	run1	T0	F1224	F	YES	GGAGCTAC-TCGACTAG
F1224-T6	run1	T6	F1224	F	YES	CGATCAGT-TCGACTAG
F13-T0	run3	T0	F13	M	EX	TAAGGCGA-ACTGCATA
F1325-T0	run1	T0	F1325	F	YES	TAAGGCGA-GAGCCTTA
F1326-T0	run1	T0	F1326	F	YES	CGTACTAG-GAGCCTTA
F14-T0	run3	T0	F14	M	YES	CGTACTAG-ACTGCATA
F1427-T0	run1	T0	F1427	F	EX	GCGTAGTA-TCGACTAG
F1427-T6	run1	T6	F1427	F	EX	TGCAGCTA-TCGACTAG
F1428-T0	run1	T0	F1428	F	EX	CGGAGCCT-TCGACTAG
F1428-T6	run1	T6	F1428	F	EX	TCGACGTC-TCGACTAG
F15-T0	run3	T0	F15	F	NO	AGGCAGAA-ACTGCATA
F1529-T0	run2	T0	F1529	M	NO	TACGCTGC-TCGACTAG
F1529-T6	run2	T6	F1529	M	NO	ACTCGCTA-TTCTAGCT
F1530-T0	run2	T0	F1530	M	NO	ATGCGCAG-TCGACTAG
F1530-T6	run2	T6	F1530	M	NO	GGAGCTAC-TTCTAGCT
F16-T0	run3	T0	F16	F	EX	TCCTGAGC-ACTGCATA
F1631-T0	run2	T0	F1631	F	NO	TAGCGCTC-TCGACTAG
F1631-T6	run2	T6	F1631	F	NO	GCGTAGTA-TTCTAGCT
F1632-T0	run2	T0	F1632	F	NO	ACTGAGCG-TCGACTAG
F1632-T6	run2	T6	F1632	F	NO	CGGAGCCT-TTCTAGCT
F17-T0	run3	T0	F17	M	NO	GGACTCCT-ACTGCATA
F19-T0	run3	T0	F19	M	YES	TAGGCATG-ACTGCATA
F2-T0	run3	T0	F2	F	EX	AGGCAGAA-GTAAGGAG
F20-T0	run3	T0	F20	M	EX	CTCTCTAC-ACTGCATA
F21-T0	run3	T0	F21	M	NO	CGAGGCTG-ACTGCATA
F22-T0	run3	T0	F22	F	EX	AAGAGGCA-ACTGCATA
F23-T0	run3	T0	F23	F	NO	GTAGAGGA-ACTGCATA
F24-T0	run3	T0	F24	F	EX	GCTCATGA-ACTGCATA
F25-T0	run3	T0	F25	F	EX	ATCTCAGG-ACTGCATA
F26-T0	run3	T0	F26	F	NO	TAAGGCGA-AAGGAGTA
F3-T0	run3	T0	F3	M	EX	TCCTGAGC-GTAAGGAG
F4-T0	run3	T0	F4	M	EX	GGACTCCT-GTAAGGAG
F5-T0	run3	T0	F5	F	NO	TAGGCATG-GTAAGGAG
F6-T0	run3	T0	F6	M	NO	CTCTCTAC-GTAAGGAG
F7-T0	run3	T0	F7	F	NO	CGAGGCTG-GTAAGGAG
F9-T0	run3	T0	F9	M	EX	AAGAGGCA-GTAAGGAG
CF-positive	run3					CTCTCTAC-TCTCTCCG
CF-positive_2	run4					GTAGAGGA-TTATGCGA
CS-positive	run3					TAGGCATG-TCTCTCCG
CS-positive_2	run4					AAGAGGCA-TTATGCGA
SPUOB1-T0	run4					ATCTCAGG-CCTAGAGT
