#SampleID	Run	Sample	TimePoint	Gender	TwinType	Smoke	BMI	BarcodeSequence
#q2:types	categorical	categorical	categorical	categorical	categorical	categorical	numeric	categorical
F0203-T0	run1	F0203	T0	F	OW	NO	31.9	CTCTCTAC-CTATTAAG
F0203-T6	run1	F0203	T6	F	OW	NO	28.8	AGGCAGAA-GAGCCTTA
F0204-T0	run1	F0204	T0	F	NW	NO	26.4	CGAGGCTG-CTATTAAG
F0204-T6	run1	F0204	T6	F	NW	NO	26.5	TCCTGAGC-GAGCCTTA
F0407-T0	run1	F0407	T0	F	OW	NO	30.4	AAGAGGCA-CTATTAAG
F0407-T6	run1	F0407	T6	F	OW	NO	28	GGACTCCT-GAGCCTTA
F0408-T0	run1	F0408	T0	F	NW	NO	24.1	GTAGAGGA-CTATTAAG
F0408-T6	run1	F0408	T6	F	NW	NO	23.5	TAGGCATG-GAGCCTTA
F0509-T0	run1	F0509	T0	F	OW	NO	28.2	GCTCATGA-CTATTAAG
F0510-T0	run1	F0510	T0	F	NW	YES	22.8	ATCTCAGG-CTATTAAG
F0611-T0	run1	F0611	T0	M	OW	NO	34.3	TAAGGCGA-AAGGCTAT
F0612-T0	run1	F0612	T0	M	NW	YES	26.1	CGTACTAG-AAGGCTAT
F0713-T0	run1	F0713	T0	F	OW	NO	31.5	AGGCAGAA-AAGGCTAT
F0713-T6	run1	F0713	T6	F	OW	NO	27.6	CTCTCTAC-GAGCCTTA
F0714-T0	run1	F0714	T0	F	NW	NO	23.4	TCCTGAGC-AAGGCTAT
F0714-T6	run1	F0714	T6	F	NW	NO	21.7	CGAGGCTG-GAGCCTTA
F0815-T0	run1	F0815	T0	F	OW	NO	29	GGACTCCT-AAGGCTAT
F0816-T0	run1	F0816	T0	F	NW	NO	23	TAGGCATG-AAGGCTAT
F0917-T0	run1	F0917	T0	M	OW	NO	30.8	CTCTCTAC-AAGGCTAT
F0918-T0	run1	F0918	T0	M	NW	NO	26.3	CGAGGCTG-AAGGCTAT
F1-T0	run3	F1	T0	M	OB	NO	31.6	CGTACTAG-GTAAGGAG
F10-T0	run3	F10	T0	M	OW	EX	27.5	GTAGAGGA-GTAAGGAG
F1019-T0	run1	F1019	T0	F	OW	NO	26.6	AAGAGGCA-AAGGCTAT
F1020-T0	run1	F1020	T0	F	NW	NO	22.4	GTAGAGGA-AAGGCTAT
F11-T0	run3	F11	T0	F	NW	EX	24.1	GCTCATGA-GTAAGGAG
F1121-T0	run1	F1121	T0	M	OW	NO	26.2	GCTCATGA-AAGGCTAT
F1121-T6	run1	F1121	T6	M	OW	NO	22.6	AAGAGGCA-GAGCCTTA
F1122-T0	run1	F1122	T0	M	NW	YES	20.4	ATCTCAGG-AAGGCTAT
F1122-T6	run1	F1122	T6	M	NW	YES	20.2	GTAGAGGA-GAGCCTTA
F12-T0	run3	F12	T0	M	NW	YES	20.5	ATCTCAGG-GTAAGGAG
F1223-T0	run1	F1223	T0	F	OW	YES	29.5	ACTCGCTA-TCGACTAG
F1223-T6	run1	F1223	T6	F	OW	YES	26.9	CCTAAGAC-TCGACTAG
F1224-T0	run1	F1224	T0	F	NW	YES	24.4	GGAGCTAC-TCGACTAG
F1224-T6	run1	F1224	T6	F	NW	YES	24	CGATCAGT-TCGACTAG
F13-T0	run3	F13	T0	M	NW	EX	23.1	TAAGGCGA-ACTGCATA
F1325-T0	run1	F1325	T0	F	OW	YES	29.8	TAAGGCGA-GAGCCTTA
F1326-T0	run1	F1326	T0	F	NW	YES	23.4	CGTACTAG-GAGCCTTA
F14-T0	run3	F14	T0	M	OW	YES	29.4	CGTACTAG-ACTGCATA
F1427-T0	run1	F1427	T0	F	OW	EX	32.3	GCGTAGTA-TCGACTAG
F1427-T6	run1	F1427	T6	F	OW	EX	28	TGCAGCTA-TCGACTAG
F1428-T0	run1	F1428	T0	F	NW	EX	24.8	CGGAGCCT-TCGACTAG
F1428-T6	run1	F1428	T6	F	NW	EX	25.9	TCGACGTC-TCGACTAG
F15-T0	run3	F15	T0	F	NW	NO	21.5	AGGCAGAA-ACTGCATA
F1529-T0	run2	F1529	T0	M	OW	NO	28.1	TACGCTGC-TCGACTAG
F1529-T6	run2	F1529	T6	M	OW	NO	24.7	ACTCGCTA-TTCTAGCT
F1530-T0	run2	F1530	T0	M	NW	NO	23.6	ATGCGCAG-TCGACTAG
F1530-T6	run2	F1530	T6	M	NW	NO	22.5	GGAGCTAC-TTCTAGCT
F16-T0	run3	F16	T0	F	NW	EX	19.6	TCCTGAGC-ACTGCATA
F1631-T0	run2	F1631	T0	F	OW	NO	29.7	TAGCGCTC-TCGACTAG
F1631-T6	run2	F1631	T6	F	OW	NO	26.1	GCGTAGTA-TTCTAGCT
F1632-T0	run2	F1632	T0	F	NW	NO	23.7	ACTGAGCG-TCGACTAG
F1632-T6	run2	F1632	T6	F	NW	NO	23.9	CGGAGCCT-TTCTAGCT
F17-T0	run3	F17	T0	M	OW	NO	25.9	GGACTCCT-ACTGCATA
F19-T0	run3	F19	T0	M	OW	YES	28.6	TAGGCATG-ACTGCATA
F2-T0	run3	F2	T0	F	NW	EX	22.6	AGGCAGAA-GTAAGGAG
F20-T0	run3	F20	T0	M	NW	EX	23.8	CTCTCTAC-ACTGCATA
F21-T0	run3	F21	T0	M	OW	NO	26.1	CGAGGCTG-ACTGCATA
F22-T0	run3	F22	T0	F	OW	EX	26.7	AAGAGGCA-ACTGCATA
F23-T0	run3	F23	T0	F	OW	NO	26.9	GTAGAGGA-ACTGCATA
F24-T0	run3	F24	T0	F	NW	EX	24.9	GCTCATGA-ACTGCATA
F25-T0	run3	F25	T0	F	NW	EX	24.9	ATCTCAGG-ACTGCATA
F26-T0	run3	F26	T0	F	OB	NO	33.6	TAAGGCGA-AAGGAGTA
F3-T0	run3	F3	T0	M	NW	EX	24.7	TCCTGAGC-GTAAGGAG
F4-T0	run3	F4	T0	M	NW	EX	21.7	GGACTCCT-GTAAGGAG
F5-T0	run3	F5	T0	F	NW	NO	18.3	TAGGCATG-GTAAGGAG
F6-T0	run3	F6	T0	M	NW	NO	22.4	CTCTCTAC-GTAAGGAG
F7-T0	run3	F7	T0	F	OW	NO	29.4	CGAGGCTG-GTAAGGAG
F9-T0	run3	F9	T0	M	NW	EX	24.2	AAGAGGCA-GTAAGGAG
