#SampleID	BodySite	Age	PhysicalActivity	BMI	Gender	Smoke	Studies	Weight	Categories (NW 0, OW 1, OB-T0 2, OB-T6 3, OB-T12 4, OB-T24 5)	W-Hratio	BarcodeSequence
#q2:types	categorical	numeric	categorical	numeric	categorical	categorical	categorical	numeric	numeric	numeric	categorical
S0509-T0	Saliva	18	No	28.2	F	NO	OW-T0	74.8	1		AAGAGGCA-GAGCCTTA
S0510-T0	Saliva	18	No	22.8	F	SI	NW-T0	61.4	0		GTAGAGGA-GAGCCTTA
S0611-T0	Saliva	42	Mod	34.3	M	NO	OW-T0	93.5	1	0.9	GCTCATGA-GAGCCTTA
S0612-T0	Saliva	42	Mod	26.1	M	SI	NW-T0	76.3	0	1	ATCTCAGG-GAGCCTTA
S0713-T0	Saliva	35	Low	31.5	F	NO	OW-T0	69.9	1	0.9	TAAGGCGA-TTATGCGA
S0714-T0	Saliva	35	Low	23.4	F	NO	NW-T0	54	0	0.8	CGTACTAG-TTATGCGA
S0815-T0	Saliva	26	Mod	29	F	NO	OW-T0	82.7	1	0.9	AGGCAGAA-TTATGCGA
S0816-T0	Saliva	26	Mod	23	F	NO	NW-T0	66.5	0	0.9	TCCTGAGC-TTATGCGA
S0917-T0	Saliva	22	Low	30.8	M	NO	OW-T0	80.9	1	0.9	GGACTCCT-TTATGCGA
S0918-T0	Saliva	22	Mod	26.3	M	NO	NW-T0	68.9	0	0.9	TAGGCATG-TTATGCGA
S1019-T0	Saliva	42	No	26.6	F	NO	OW-T0	64	1	0.8	GCTCATGA-GAGCCTTA
S1020-T0	Saliva	42	Mod	22.4	F	NO	NW-T0	53.7	0	0.8	ATCTCAGG-GAGCCTTA
S1121-T0	Saliva	46	Low	26.2	M	NO	OW-T0	86.7	1	1	TAAGGCGA-TTATGCGA
S1122-T0	Saliva	46	Low	20.4	M	SI	NW-T0	68.4	0	0.8	CGTACTAG-TTATGCGA
S1223-T0	Saliva	48	Low	29.5	F	SI	OW-T0	81.3	1	0.7	TACGCTGC-TTCTAGCT
S1224-T0	Saliva	48	No	24.4	F	SI	NW-T0	68	0	0.7	ATGCGCAG-TTCTAGCT
S1325-T0	Saliva	25	Low	29.8	F	SI	OW-T0	75.4	1	0.8	AGGCAGAA-TTATGCGA
S1326-T0	Saliva	25	No	23.4	F	SI	NW-T0	59.9	0	0.7	TCCTGAGC-TTATGCGA
S1427-T0	Saliva	46	Low	32.3	F	EX	OW-T0	92.2	1	0.7	TAGCGCTC-TTCTAGCT
S1428-T0	Saliva	46	Low	24.8	F	EX	NW-T0	69.1	0	0.7	ACTGAGCG-TTCTAGCT
S1529-T0	Saliva	37	Low	28.1	M	NO	OW-T0	77.5	1	0.9	CCTAAGAC-TTCTAGCT
S1530-T0	Saliva	37	Mod	23.6	M	NO	NW-T0	66.7	0	0.9	CGATCAGT-TTCTAGCT
S1631-T0	Saliva	32	Low	29.7	F	NO	OW-T0	89.9	1	0.7	TGCAGCTA-TTCTAGCT
S1632-T0	Saliva	32	Low	23.7	F	NO	NW-T0	67.6	0	0.8	TCGACGTC-TTCTAGCT
SOB01-T0	Saliva	46	Mod	29.7	F-T0	NO-T0	OB-T0	80	2	1.1	ATCTCAGG-CCTAGAGT
SOB02-T0	Saliva	41	No	64.4	F-T0	EX-T0	OB-T0	161	2		TAAGGCGA-CTAAGCCT
SOB03-T0	Saliva	41	No	47.7	F-T0	NO-T0	OB-T0	128.5	2	0.8	TAAGGCGA-GCGTAAGA
SOB04-T0	Saliva	61	No	49.6	F-T0	NO-T0	OB-T0	140	2	0.8	CGAGGCTG-TCTCTCCG
SOB05-T0	Saliva	37	No	40.5	F-T0	SI-T0	OB-T0	140	2		AGGCAGAA-CTAAGCCT
SOB06-T0	Saliva	56	No	48.1	F-T0	NO-T0	OB-T0	131	2	1	TCCTGAGC-CTAAGCCT
SOB07-T0	Saliva	49	No	34.2	F-T0	SI-T0	OB-T0	90	2		GGACTCCT-CTAAGCCT
SOB08-T0	Saliva	48	Low	38.2	F-T0	NO-T0	OB-T0	92	2	0.9	TAGGCATG-CTAAGCCT
SOB09-T0	Saliva	59	No	39.8	F-T0	EX-T0	OB-T0	100	2	0.9	CTCTCTAC-CTAAGCCT
SOB10-T0	Saliva	52	No	52.3	M-T0	NO-T0	OB-T0	168.5	2	1	CGAGGCTG-CTAAGCCT
SOB11-T0	Saliva	61	No	57.8	F-T0	NO-T0	OB-T0	130	2	0.8	ATCTCAGG-ACTGCATA
SOB12-T0	Saliva	47	Low	41.8	F-T0	NO-T0	OB-T0	101	2	0.9	CGTACTAG-GCGTAAGA
SOB13-T0	Saliva	43	No	53.6	F-T0	NO-T0	OB-T0	132	2	0.8	CGTACTAG-AAGGAGTA
SOB14-T0	Saliva	64	No	39.5	F-T0	SI-T0	OB-T0	105	2	0.9	AGGCAGAA-AAGGAGTA
SOB15-T0	Saliva	24	No	51.4	F-T0	NO-T0	OB-T0	130	2	0.8	TCCTGAGC-AAGGAGTA
SOB16-T0	Saliva	44	No	48	F-T0	SI-T0	OB-T0	122	2	0.8	GGACTCCT-AAGGAGTA
SOB17-T0	Saliva	44	No	45.7	M-T0	EX-T0	OB-T0	148	2	0.9	TAGGCATG-AAGGAGTA
SOB18-T0	Saliva	52	No	36	F-T0	EX-T0	OB-T0	91	2	0.9	CTCTCTAC-AAGGAGTA
SOB19-T0	Saliva	34	No	49.2	F-T0	EX-T0	OB-T0	123	2	0.7	CGAGGCTG-AAGGAGTA
SOB20-T0	Saliva	26	No	44.4	F-T0	SI-T0	OB-T0	118	2	0.8	AAGAGGCA-AAGGAGTA
SOB21-T0	Saliva	36	No	39.8	F-T0	NO-T0	OB-T0	111	2	0.8	AGGCAGAA-CCTAGAGT
SOB22-T0	Saliva	56	No	40.3	F-T0	NO-T0	OB-T0	105	2	1.3	GTAGAGGA-AAGGAGTA
SOB23-T0	Saliva	40	No	45.1	F-T0	NO-T0	OB-T0	138	2	0.9	TCCTGAGC-CCTAGAGT
SOB24-T0	Saliva	52	No	48.5	M-T0	NO-T0	OB-T0	152	2	1.2	GGACTCCT-CCTAGAGT
SOB25-T0	Saliva	57	No	45	F-T0	NO-T0	OB-T0	108	2	0.8	AGGCAGAA-GCGTAAGA
SOB26-T0	Saliva	50	No	39.7	F-T0	EX-T0	OB-T0	112	2	0.9	TCCTGAGC-GCGTAAGA
SOB27-T0	Saliva	31	No	44	F-T0	NO-T0	OB-T0	95	2	0.8	GGACTCCT-GCGTAAGA
SOB28-T0	Saliva	58	No	42.7	F-T0	EX-T0	OB-T0	128	2	0.9	TAGGCATG-GCGTAAGA
SOB29-T0	Saliva	46	No	34.7	F-T0	SI-T0	OB-T0	105	2	1	CTCTCTAC-GCGTAAGA
SOB30-T0	Saliva	58	No	44.1	F-T0	EX-T0	OB-T0	113	2	0.9	CGAGGCTG-GCGTAAGA
SOB31-T0	Saliva	37	No	46.1	F-T0	NO-T0	OB-T0	118	2	0.9	AAGAGGCA-GCGTAAGA
SOB32-T0	Saliva	65	No	49.8	F-T0	EX-T0	OB-T0	109	2	0.9	GTAGAGGA-GCGTAAGA
SOB33-T0	Saliva	37	No	42.5	F-T0	NO-T0	OB-T0	113	2	0.9	GCTCATGA-GCGTAAGA
SOB34-T0	Saliva	41	No	37.7	F-T0	NO-T0	OB-T0	94	2	0.8	ATCTCAGG-GCGTAAGA
SOB35-T0	Saliva	59	No	38.4	F-T0	NO-T0	OB-T0	90	2	0.9	TAAGGCGA-CTATTAAG
SOB36-T0	Saliva	35	No	45.5	F-T0	NO-T0	OB-T0	130	2	0.7	CGTACTAG-CTATTAAG
SOB01-T6	Saliva	46.6	No	27.1	F-T6	NO-T6	OB-T6	72.8	3	0.9	AGGCAGAA-CTATTAAG
SOB02-T6	Saliva	41.6	No	48.1	F-T6	EX-T6	OB-T6	120.2	3	1	AAGAGGCA-CTAAGCCT
SOB03-T6	Saliva	41.6	No	35.7	F-T6	NO-T6	OB-T6	96	3	0.8	TCCTGAGC-CTATTAAG
SOB04-T6	Saliva	61.6	No	39.4	F-T6	NO-T6	OB-T6	111.2	3	0.9	GTAGAGGA-CTAAGCCT
SOB05-T6	Saliva	37.6	No	24.7	F-T6	SI-T6	OB-T6	85.3	3	0.8	GCTCATGA-CTAAGCCT
SOB06-T6	Saliva	56.6	Low	34.8	F-T6	NO-T6	OB-T6	94.7	3	1	ATCTCAGG-CTAAGCCT
SOB07-T6	Saliva	49.6	Low	25.8	F-T6	SI-T6	OB-T6	67.7	3	0.8	TAAGGCGA-CGTCTAAT
SOB08-T6	Saliva	48.6	Low	27.5	F-T6	NO-T6	OB-T6	66.1	3	1	AAGAGGCA-TCTCTCCG
SOB09-T6	Saliva	59.6	No	33.4	F-T6	EX-T6	OB-T6	84	3	0.9	AGGCAGAA-CGTCTAAT
SOB10-T6	Saliva	52.6	Mod	39.3	M-T6	NO-T6	OB-T6	126.6	3	0.9	TCCTGAGC-CGTCTAAT
SOB11-T6	Saliva	61.6	No	43.6	F-T6	NO-T6	OB-T6	98.1	3	0.9	AAGAGGCA-CTAAGCCT
SOB12-T6	Saliva	47.6	Low	32	F-T6	NO-T6	OB-T6	77.3	3	0.8	GGACTCCT-CTATTAAG
SOB13-T6	Saliva	43.6	Int	37.1	F-T6	NO-T6	OB-T6	91.4	3	0.8	GCTCATGA-CTAAGCCT
SOB14-T6	Saliva	64.6	No	30.7	F-T6	SI-T6	OB-T6	81.5	3	0.8	ATCTCAGG-CTAAGCCT
SOB15-T6	Saliva	24.6	Mod	32.7	F-T6	NO-T6	OB-T6	82.7	3	0.8	TAAGGCGA-CGTCTAAT
SOB16-T6	Saliva	44.6	Low	34.1	F-T6	SI-T6	OB-T6	86.7	3	0.7	CGTACTAG-CGTCTAAT
SOB17-T6	Saliva	44.6	No	34.6	M-T6	EX-T6	OB-T6	112.2	3	0.9	AGGCAGAA-CGTCTAAT
SOB18-T6	Saliva	52.6	Mod	27.3	F-T6	EX-T6	OB-T6	68.9	3	0.8	TCCTGAGC-CGTCTAAT
SOB21-T6	Saliva	36.6	No	33.5	F-T6	NO-T6	OB-T6	93.4	3	0.8	TAGGCATG-GCGTAAGA
SOB22-T6	Saliva	56.6	Low	31.9	F-T6	NO-T6	OB-T6	83.1	3	0.7	GGACTCCT-CGTCTAAT
SOB23-T6	Saliva	40.6	No	33.8	F-T6	NO-T6	OB-T6	103.4	3	0.8	CTCTCTAC-GCGTAAGA
SOB25-T6	Saliva	57.6	Low	32.9	F-T6	NO-T6	OB-T6	79.2	3	0.9	TAGGCATG-CTATTAAG
SOB26-T6	Saliva	50.6	No	33.4	F-T6	EX-T6	OB-T6	94.4	3	0.9	CTCTCTAC-CTATTAAG
SOB27-T6	Saliva	31.6	No	30.5	F-T6	NO-T6	OB-T6	65.9	3	0.8	CGAGGCTG-CTATTAAG
SOB28-T6	Saliva	58.6	No	35.4	F-T6	EX-T6	OB-T6	106	3	0.9	AAGAGGCA-CTATTAAG
SOB29-T6	Saliva	46.6	No	25	F-T6	SI-T6	OB-T6	75.8	3	0.8	GTAGAGGA-CTATTAAG
SOB30-T6	Saliva	58.6	Low	34	F-T6	EX-T6	OB-T6	87.1	3	0.9	GCTCATGA-CTATTAAG
SOB31-T6	Saliva	37.6	Low	34.8	F-T6	NO-T6	OB-T6	89.1	3	0.9	ATCTCAGG-CTATTAAG
SOB32-T6	Saliva	65.6	No	38.2	F-T6	EX-T6	OB-T6	83.6	3	0.8	TAAGGCGA-AAGGCTAT
SOB33-T6	Saliva	37.6	Mod	33	F-T6	NO-T6	OB-T6	87.7	3	0.8	CGTACTAG-AAGGCTAT
SOB34-T6	Saliva	41.6	No	30.6	F-T6	NO-T6	OB-T6	76.4	3	0.8	AGGCAGAA-AAGGCTAT
SOB35-T6	Saliva	59.6	No	30.4	F-T6	NO-T6	OB-T6	71.1	3	0.8	TCCTGAGC-AAGGCTAT
SOB36-T6	Saliva	35.6	No	33.6	F-T6	NO-T6	OB-T6	96.1	3	0.7	GGACTCCT-AAGGCTAT
SOB01-T12	Saliva	47	No	27.9	F-T12	NO-T12	OB-T12	75.2	4	0.9	TAGGCATG-AAGGCTAT
SOB02-T12	Saliva	42	No	38	F-T12	EX-T12	OB-T12	94.8	4	0.8	GTAGAGGA-TCTCTCCG
SOBO3-T12	Saliva	42	No	30.6	F-T12	NO-T12	OB-T12	82.2	4	0.8	CTCTCTAC-AAGGCTAT
SOB04-T12	Saliva	62	No	37.2	F-T12	NO-T12	OB-T12	105.1	4	0.8	TAGGCATG-CGTCTAAT
SOB05-T12	Saliva	38	No	21.9	F-T12	SI-T12	OB-T12	75.7	4	0.8	CTCTCTAC-CGTCTAAT
SOB06-T12	Saliva	57	No	28.1	F-T12	NO-T12	OB-T12	88.6	4	0.9	CGAGGCTG-CGTCTAAT
SOB07-T12	Saliva	50	Mod	24.9	F-T12	SI-T12	OB-T12	65.4	4	0.9	AAGAGGCA-CGTCTAAT
SOB08-T12	Saliva	49	No	26.2	F-T12	NO-T12	OB-T12	63.1	4	0.9	GCTCATGA-TCTCTCCG
SOB09-T12	Saliva	60	No	32	F-T12	EX-T12	OB-T12	80.5	4	1	GCTCATGA-CGTCTAAT
SOB10-T12	Saliva	53	No	36.1	M-T12	NO-T12	OB-T12	116.4	4	0.9	ATCTCAGG-CGTCTAAT
SOB11-T12	Saliva	62	No	42.8	F-T12	NO-T12	OB-T12	96.3	4	0.9	AGGCAGAA-TCTCTCCG
SOB12-T12	Saliva	48	No	28.1	F-T12	NO-T12	OB-T12	68	4	0.8	CGAGGCTG-AAGGCTAT
SOB13-T12	Saliva	44	Int	32.4	F-T12	NO-T12	OB-T12	79.8	4	0.9	GGACTCCT-TCTCTCCG
SOB14-T12	Saliva	65	No	27.3	F-T12	SI-T12	OB-T12	72.6	4	0.8	TAGGCATG-TCTCTCCG
SOB15-T12	Saliva	25	Mod	25.8	F-T12	NO-T12	OB-T12	65.2	4	0.9	CTCTCTAC-TCTCTCCG
SOB16-T12	Saliva	45	Low	30.4	F-T12	EX-T12	OB-T12	77.3	4	0.8	CGAGGCTG-TCTCTCCG
SOB17-T12	Saliva	45	No	31.5	M-T12	EX-T12	OB-T12	102.1	4	0.9	AAGAGGCA-TCTCTCCG
SOB18-T12	Saliva	53	Mod	24.9	F-T12	EX-T12	OB-T12	63	4	0.8	GTAGAGGA-TCTCTCCG
SOB19-T12	Saliva	35	No	44.1	F-T12	EX-T12	OB-T12	110.2	4	0.8	GCTCATGA-TCTCTCCG
SOB22-T12	Saliva	57	Low	31.8	F-T12	NO-T12	OB-T12	82.9	4	0.7	ATCTCAGG-TCTCTCCG
SOB23-T12	Saliva	41	Mod	30.9	F-T12	NO-T12	OB-T12	94.6	4	0.8	TAGGCATG-CTATTAAG
SOB25-T12	Saliva	58	Mod	29.9	F-T12	NO-T12	OB-T12	71.8	4	0.9	AAGAGGCA-AAGGCTAT
SOB26-T12	Saliva	51	No	29.7	F-T12	EX-T12	OB-T12	83.9	4	0.8	GTAGAGGA-AAGGCTAT
SOB27-T12	Saliva	32	No	29.7	F-T12	NO-T12	OB-T12	64.2	4	0.8	GCTCATGA-AAGGCTAT
SOB28-T12	Saliva	59	No	33.8	F-T12	EX-T12	OB-T12	101.1	4	0.9	ATCTCAGG-AAGGCTAT
SOB29-T12	Saliva	47	No	23.4	F-T12	SI-T12	OB-T12	70.8	4	0.8	TAAGGCGA-GAGCCTTA
SOB30-T12	Saliva	59	Low	28.1	F-T12	NO-T12	OB-T12	71.9	4	0.8	CGTACTAG-GAGCCTTA
SOB31-T12	Saliva	38	Low	31.9	F-T12	NO-T12	OB-T12	81.6	4	0.9	AGGCAGAA-GAGCCTTA
SOB32-T12	Saliva	66	No	29.6	F-T12	EX-T12	OB-T12	64.9	4	0.8	TCCTGAGC-GAGCCTTA
SOB33-T12	Saliva	38	Low	26.9	F-T12	NO-T12	OB-T12	71.5	4	0.8	GGACTCCT-GAGCCTTA
SOB01-T24	Saliva	48	No	29.6	F-T24	NO-T24	OB-T24	79.5	5	0.9	TAGGCATG-GAGCCTTA
SOB03-T24	Saliva	43	No	29.7	F-T24	NO-T24	OB-T24	80	5	0.8	CTCTCTAC-GAGCCTTA
SOB05-T24	Saliva	39		22.6	F-T24	SI-T24	OB-T24	78.4	5	0.8	TAAGGCGA-TCTCTCCG
SOB07-T24	Saliva	51	Low	27.9	F-T24	SI-T24	OB-T24	73.3	5	0.8	ATCTCAGG-TCTCTCCG
SOB08-T24	Saliva	50	Low	27.2	F-T24	NO-T24	OB-T24	65.4	5	0.8	AGGCAGAA-TCTCTCCG
SOB09-T24	Saliva	61	No	32.8	F-T24	EX-T24	OB-T24	82.3	5	0.9	TCCTGAGC-TCTCTCCG
SOB10-T24	Saliva	54	Mod	34.8	M-T24	NO-T24	OB-T24	112.2	5	0.8	GGACTCCT-TCTCTCCG
SOB12-T24	Saliva	49	Mod	27.3	F-T24	NO-T24	OB-T24	66.1	5	0.8	CGAGGCTG-GAGCCTTA
