#SampleID	BodySite	Run	TimePoint	Age	PhysicalActivity	BMI	R-BMI-OverTime	Gender	Smoke	MetS(0=no 1=yes)	Weight	MetS	MetS(No;Yes)	Studies	WHratio	InterventionType	PCR	TNFÎ±	IL6	MultipleInfection (beta-HPV)	PersistentInfection	BarcodeSequence
#q2:types	categorical	categorical	numeric	numeric	categorical	numeric	categorical	categorical	categorical	categorical	numeric	numeric	categorical	categorical	numeric	categorical	numeric	numeric	numeric	numeric	categorical	categorical
SOB01-T0	Saliva	four	0	46	Mod	29.7	T0-(from 25 to 30)	F-T0	NO-T0	0-T0	80	0	No	T0	1.1	Sleeve-T0	0	5.9	43.8		No	ATCTCAGG-CCTAGAGT
SOB02-T0	Saliva	three	0	41	No	64.4	T0-(from 60 to 65)	F-T0	EX-T0	0-T0	161	0	No	T0		Sleeve-T0	40.3	7.6	34.2		No	TAAGGCGA-CTAAGCCT
SOB03-T0	Saliva	four	0	41	No	47.7	T0-(from 45 to 50)	F-T0	NO-T0	1-T0	128.5	1	Yes	T0	0.8	Sleeve-T0	17.1	4.2	0.01		Yes	TAAGGCGA-GCGTAAGA
SOB04-T0	Saliva	three	0	61	No	49.6	T0-(from 45 to 50)	F-T0	NO-T0	0-T0	140	0	No	T0	0.8	Sleeve-T0	4.3	3.5	27.9		Yes	CGAGGCTG-TCTCTCCG
SOB05-T0	Saliva	three	0	37	No	40.5	T0-(from 40 to 45)	F-T0	SI-T0	1-T0	140	1	Yes	T0		Sleeve+ring-T0		3	10		Yes	AGGCAGAA-CTAAGCCT
SOB06-T0	Saliva	three	0	56	No	48.1	T0-(from 45 to 50)	F-T0	NO-T0	1-T0	131	1	Yes	T0	1	Sleeve-T0		4.7	20		No	TCCTGAGC-CTAAGCCT
SOB07-T0	Saliva	three	0	49	No	34.2	T0-(from 30 to 35)	F-T0	SI-T0	0-T0	90	0	No	T0		Sleeve-T0		3.8	0.01		Yes	GGACTCCT-CTAAGCCT
SOB08-T0	Saliva	three	0	48	Low	38.2	T0-(from 35 to 40)	F-T0	NO-T0	1-T0	92	1	Yes	T0	0.9	Bypass+ring-T0	9.2	2.23	3		No	TAGGCATG-CTAAGCCT
SOB09-T0	Saliva	three	0	59	No	39.8	T0-(from 35 to 40)	F-T0	EX-T0	1-T0	100	1	Yes	T0	0.9	Sleeve+ring-T0	7.9	3.22	15		No	CTCTCTAC-CTAAGCCT
SOB10-T0	Saliva	three	0	52	No	52.3	T0-(from 50 to 55)	M-T0	NO-T0	1-T0	168.5	1	Yes	T0	1	Sleeve-T0	12.4	22.6	0.4	2	Yes	CGAGGCTG-CTAAGCCT
SOB11-T0	Saliva	two	0	61	No	57.8	T0-(from 55 to 60)	F-T0	NO-T0	1-T0	130	1	Yes	T0	0.8	Bypass+ring-T0	6.05	0.02	77	19	Yes	ATCTCAGG-ACTGCATA
SOB12-T0	Saliva	four	0	47	Low	41.8	T0-(from 40 to 45)	F-T0	NO-T0	1-T0	101	1	Yes	T0	0.9	Sleeve+ring-T0	9.41	15.9	71	10	Yes	CGTACTAG-GCGTAAGA
SOB13-T0	Saliva	two	0	43	No	53.6	T0-(from 50 to 55)	F-T0	NO-T0	1-T0	132	1	Yes	T0	0.8	Sleeve+ring-T0	18.05	12.9	0.3	4	Yes	CGTACTAG-AAGGAGTA
SOB14-T0	Saliva	two	0	64	No	39.5	T0-(from 35 to 40)	F-T0	SI-T0	1-T0	105	1	Yes	T0	0.9	Sleeve+ring-T0	9.37	9.18	107.6	0	No	AGGCAGAA-AAGGAGTA
SOB15-T0	Saliva	two	0	24	No	51.4	T0-(from 50 to 55)	F-T0	NO-T0	0-T0	130	0	No	T0	0.8	Sleeve+ring-T0	13.47	9.2	6.32	2	Yes	TCCTGAGC-AAGGAGTA
SOB16-T0	Saliva	two	0	44	No	48	T0-(from 45 to 50)	F-T0	SI-T0	0-T0	122	0	No	T0	0.8	Sleeve+ring-T0	2.28	6.7	0.1	0	No	GGACTCCT-AAGGAGTA
SOB17-T0	Saliva	two	0	44	No	45.7	T0-(from 45 to 50)	M-T0	EX-T0	1-T0	148	1	Yes	T0	0.9	Sleeve+ring-T0	6.36	6.8	0.1	2	Yes	TAGGCATG-AAGGAGTA
SOB18-T0	Saliva	two	0	52	No	36	T0-(from 35 to 40)	F-T0	EX-T0	0-T0	91	0	No	T0	0.9	Sleeve+ring-T0	8.11	8	0.1	1	No	CTCTCTAC-AAGGAGTA
SOB19-T0	Saliva	two	0	34	No	49.2	T0-(from 45 to 50)	F-T0	EX-T0	0-T0	123	0	No	T0	0.7	Ring+colecistectomia-T0	7.3	0.05	48.5	0	No	CGAGGCTG-AAGGAGTA
SOB20-T0	Saliva	two	0	26	No	44.4	T0-(from 40 to 45)	F-T0	SI-T0	0-T0	118	0	No	T0	0.8	Sleeve+ring-T0		0.05	30.8	0	No	AAGAGGCA-AAGGAGTA
SOB21-T0	Saliva	one	0	36	No	39.8	T0-(from 35 to 40)	F-T0	NO-T0	1-T0	111	1	Yes	T0	0.8	Sleeve+ring-T0	1.6	4	20.6	1	Yes	AGGCAGAA-CCTAGAGT
SOB22-T0	Saliva	two	0	56	No	40.3	T0-(from 40 to 45)	F-T0	NO-T0	1-T0	105	1	Yes	T0	1.3	Sleeve+ring-T0	1.1	13.9	25.1	3	No	GTAGAGGA-AAGGAGTA
SOB23-T0	Saliva	one	0	40	No	45.1	T0-(from 45 to 50)	F-T0	NO-T0	0-T0	138	0	No	T0	0.9	Sleeve-T0	11.4	15.1	0.3	0	No	TCCTGAGC-CCTAGAGT
SOB24-T0	Saliva	one	0	52	No	48.5	T0-(from 45 to 50)	M-T0	NO-T0	1-T0	152	1	Yes	T0	1.2	Sleeve-T0	10.6	21	0.3	0	No	GGACTCCT-CCTAGAGT
SOB25-T0	Saliva	four	0	57	No	45	T0 (from 45 to 50)	F-T0	NO-T0	0-T0	108	0	No	T0	0.8	Sleeve-T0	7.1	5.46	0.2	6	Yes	AGGCAGAA-GCGTAAGA
SOB26-T0	Saliva	four	0	50	No	39.7	T0-(from 35 to 40)	F-T0	EX-T0	0-T0	112	0	No	T0	0.9	RYGB-T0	3.7	7.7	34	1	No	TCCTGAGC-GCGTAAGA
SOB27-T0	Saliva	four	0	31	No	44	T0 (from 40 to 45)	F-T0	NO-T0	0-T0	95	0	No	T0	0.8	Sleeve-T0	14.9	2.7	40.6	1	Yes	GGACTCCT-GCGTAAGA
SOB28-T0	Saliva	four	0	58	No	42.7	T0 (from 40 to 45)	F-T0	EX-T0	1-T0	128	1	No	T0	0.9	Sleeve-T0	11.7			1	No	TAGGCATG-GCGTAAGA
SOB29-T0	Saliva	four	0	46	No	34.7	T0-(from 35 to 40)	F-T0	SI-T0	1-T0	105	1	Yes	T0	1	Sleeve+ring-T0	3	40	18	14	No	CTCTCTAC-GCGTAAGA
SOB30-T0	Saliva	four	0	58	No	44.1	T0-(from 40 to 45)	F-T0	EX-T0	0-T0	113	0	No	T0	0.9	Sleeve-T0	1.3	16.6	2000	3	Yes	CGAGGCTG-GCGTAAGA
SOB31-T0	Saliva	four	0	37	No	46.1	T0-(from 45 to 50)	F-T0	NO-T0	0-T0	118	0	No	T0	0.9	Sleeve-T0	7.2	10.4	0.3	0	No	AAGAGGCA-GCGTAAGA
SOB32-T0	Saliva	four	0	65	No	49.8	T0-(from 45 to 50)	F-T0	EX-T0	1-T0	109	1	Yes	T0	0.9	MGB-T0	5.4	4.08	25.5	7	Yes	GTAGAGGA-GCGTAAGA
SOB33-T0	Saliva	four	0	37	No	42.5	T0-(from 40 to 45)	F-T0	NO-T0	0-T0	113	0	No	T0	0.9	Sleeve-T0	15.4	7.4	11	1	Yes	GCTCATGA-GCGTAAGA
SOB34-T0	Saliva	four	0	41	No	37.7	T0-(from 35 to 40)	F-T0	NO-T0	1-T0	94	1	Yes	T0	0.8	Sleeve-T0	14.4	11.4	0.58	3	No	ATCTCAGG-GCGTAAGA
SOB35-T0	Saliva	four	0	59	No	38.4	T0-(from 35 to 40)	F-T0	NO-T0	1-T0	90	1	Yes	T0	0.9	Sleeve-T0	2.9	4.3	0.46	3	No	TAAGGCGA-CTATTAAG
SOB36-T0	Saliva	four	0	35	No	45.5	T0-(from 45 to 50)	F-T0	NO-T0	0-T0	130	0	No	T0	0.7	MGB-T0	6.2	6.5	73.7	3	Yes	CGTACTAG-CTATTAAG
SOB01-T6	Saliva	four	6	46.6	No	27.1	T6-(from 25 to 30)	F-T6	NO-T6	0-T6	72.8	0	No	T6	0.9	Sleeve-T6	0	3.8	0.04	0	No	AGGCAGAA-CTATTAAG
SOB02-T6	Saliva	three	6	41.6	No	48.1	T6-(from 45 to 50)	F-T6	EX-T6	0-T6	120.2	0	No	T6	1	Sleeve-T6	7.46	0.02	0.3	3	No	AAGAGGCA-CTAAGCCT
SOB03-T6	Saliva	four	6	41.6	No	35.7	T6-(from 35 to 40)	F-T6	NO-T6	0-T6	96	0	No	T6	0.8	Sleeve-T6	10.28	14.5	0.4	2	Yes	TCCTGAGC-CTATTAAG
SOB04-T6	Saliva	three	6	61.6	No	39.4	T6-(from 35 to 40)	F-T6	NO-T6	0-T6	111.2	0	No	T6	0.9	Sleeve-T6	9.28	11.3	0.6	2	Yes	GTAGAGGA-CTAAGCCT
SOB05-T6	Saliva	three	6	37.6	No	24.7	T6-(from 20 to 25)	F-T6	SI-T6	0-T6	85.3	0	No	T6	0.8	Sleeve+ring-T6	0	8.27	0.6	3	Yes	GCTCATGA-CTAAGCCT
SOB06-T6	Saliva	three	6	56.6	Low	34.8	T6-(from 35 to 40)	F-T6	NO-T6	1-T6	94.7	1	Yes	T6	1	Sleeve-T6	9.53	8.6	0.9	0	No	ATCTCAGG-CTAAGCCT
SOB07-T6	Saliva	three	6	49.6	Low	25.8	T6-(from 25 to 30)	F-T6	SI-T6	0-T6	67.7	0	No	T6	0.8	Sleeve-T6	0.8	6.26	0.3	7	No	TAAGGCGA-CGTCTAAT
SOB08-T6	Saliva	three	6	48.6	Low	27.5	T6-(from 25 to 30)	F-T6	NO-T6	0-T6	66.1	0	No	T6	1	Bypass+ring-T6	0	3.6	19	0	No	AAGAGGCA-TCTCTCCG
SOB09-T6	Saliva	three	6	59.6	No	33.4	T6-(from 30 to 35)	F-T6	EX-T6	0-T6	84	0	No	T6	0.9	Sleeve+ring-T6	5.13	11.8	60	0	No	AGGCAGAA-CGTCTAAT
SOB10-T6	Saliva	three	6	52.6	Mod	39.3	T6-(from 35 to 40)	M-T6	NO-T6	1-T6	126.6	1	Yes	T6	0.9	Sleeve-T6	1.7	7	6.5	2	Yes	TCCTGAGC-CGTCTAAT
SOB11-T6	Saliva	two	6	61.6	No	43.6	T6-(from 40 to 45)	F-T6	NO-T6	0-T6	98.1	0	No	T6	0.9	Bypass+ring-T6	3.9	2.21	502.6	15	Yes	AAGAGGCA-CTAAGCCT
SOB12-T6	Saliva	four	6	47.6	Low	32	T6-(from 30 to 35)	F-T6	NO-T6	0-T6	77.3	0	No	T6	0.8	Sleeve+ring-T6	2.5	3.15	114.9	8	Yes	GGACTCCT-CTATTAAG
SOB13-T6	Saliva	two	6	43.6	Int	37.1	T6-(from 35 to 40)	F-T6	NO-T6	0-T6	91.4	0	No	T6	0.8	Sleeve+ring-T6	9.3	6.4	145	2	Yes	GCTCATGA-CTAAGCCT
SOB14-T6	Saliva	two	6	64.6	No	30.7	T6-(from 30 to 35)	F-T6	SI-T6	0-T6	81.5	0	No	T6	0.8	Sleeve+ring-T6	5.9	3.5	75	0	No	ATCTCAGG-CTAAGCCT
SOB15-T6	Saliva	two	6	24.6	Mod	32.7	T6-(from 30 to 35)	F-T6	NO-T6	0-T6	82.7	0	No	T6	0.8	Sleeve+ring-T6	3.7	9.9	2	2	Yes	TAAGGCGA-CGTCTAAT
SOB16-T6	Saliva	two	6	44.6	Low	34.1	T6-(from 30 to 35)	F-T6	SI-T6	0-T6	86.7	0	No	T6	0.7	Sleeve+ring-T6	0.9	5.6	0.3	0	No	CGTACTAG-CGTCTAAT
SOB17-T6	Saliva	two	6	44.6	No	34.6	T6-(from 30 to 35)	M-T6	EX-T6	1-T6	112.2	1	Yes	T6	0.9	Sleeve+ring-T6	1.4	8.9	0.1	1	Yes	AGGCAGAA-CGTCTAAT
SOB18-T6	Saliva	two	6	52.6	Mod	27.3	T6-(from 25 to 30)	F-T6	EX-T6	0-T6	68.9	0	No	T6	0.8	Sleeve+ring-T6	3.3	10	0.03	0	No	TCCTGAGC-CGTCTAAT
SOB21-T6	Saliva	one	6	36.6	No	33.5	T6-(from 30 to 35)	F-T6	NO-T6	0-T6	93.4	0	No	T6	0.8	Sleeve+ring-T6	0.9	3.7	0.4	5	Yes	TAGGCATG-GCGTAAGA
SOB22-T6	Saliva	two	6	56.6	Low	31.9	T6-(from 30 to 35)	F-T6	NO-T6	0-T6	83.1	0	No	T6	0.7	Sleeve+ring-T6	0.7	6.7	2	3	No	GGACTCCT-CGTCTAAT
SOB23-T6	Saliva	one	6	40.6	No	33.8	T6-(from 30 to 35)	F-T6	NO-T6	0-T6	103.4	0	No	T6	0.8	Sleeve-T6	2.6	9.3	0.4	0	No	CTCTCTAC-GCGTAAGA
SOB25-T6	Saliva	four	6	57.6	Low	32.9	T6-(from 30 to 35)	F-T6	NO-T6	0-T6	79.2	0	No	T6	0.9	sleeve-T6	2.4	5.8	30	5	Yes	TAGGCATG-CTATTAAG
SOB26-T6	Saliva	four	6	50.6	No	33.4	T6-(from 30 to 35)	F-T6	EX-T6	0-T6	94.4	0	No	T6	0.9	RYGB-T6	0.8	3.7	3.4	3	No	CTCTCTAC-CTATTAAG
SOB27-T6	Saliva	four	6	31.6	No	30.5	T6-(from 30 to 35)	F-T6	NO-T6	0-T6	65.9	0	No	T6	0.8	sleeve-T6	1.9	3.05	35.2	0	Yes	CGAGGCTG-CTATTAAG
SOB28-T6	Saliva	four	6	58.6	No	35.4	T6-(from 35 to 40)	F-T6	EX-T6	1-T6	106	1	Yes	T6	0.9	sleeve-T6	3.9	7.6	113.7	0	No	AAGAGGCA-CTATTAAG
SOB29-T6	Saliva	four	6	46.6	No	25	T6-(from 25 to 30)	F-T6	SI-T6	0-T6	75.8	0	No	T6	0.8	Sleeve+ring-T6	1.5	11	0.5	3	No	GTAGAGGA-CTATTAAG
SOB30-T6	Saliva	four	6	58.6	Low	34	T6-(from 30 to 35)	F-T6	EX-T6	0-T6	87.1	0	No	T6	0.9	Sleeve-T6	1	7	2000	3	Yes	GCTCATGA-CTATTAAG
SOB31-T6	Saliva	four	6	37.6	Low	34.8	T6-(from 30 to 35)	F-T6	NO-T6	0-T6	89.1	0	No	T6	0.9	Sleeve-T6	3.6	5.1	0.37	1	No	ATCTCAGG-CTATTAAG
SOB32-T6	Saliva	four	6	65.6	No	38.2	T6-(from 35 to 40)	F-T6	EX-T6	1-T6	83.6	1	Yes	T6	0.8	MGB-T6	6.2	17.3	1.29	6	Yes	TAAGGCGA-AAGGCTAT
SOB33-T6	Saliva	four	6	37.6	Mod	33	T6-(from 30 to 35)	F-T6	NO-T6	0-T6	87.7	0	No	T6	0.8	Sleeve-T6	2.9	12.4	64.2	1	Yes	CGTACTAG-AAGGCTAT
SOB34-T6	Saliva	four	6	41.6	No	30.6	T6-(from 30 to 35)	F-T6	NO-T6	0-T6	76.4	0	No	T6	0.8	Sleeve-T6	1.9	6.7	0.3	0	No	AGGCAGAA-AAGGCTAT
SOB35-T6	Saliva	four	6	59.6	No	30.4	T6-(from 30 to 35)	F-T6	NO-T6	0-T6	71.1	0	No	T6	0.8	Sleeve-T6	0.7	7.6	0.4	0	No	TCCTGAGC-AAGGCTAT
SOB36-T6	Saliva	four	6	35.6	No	33.6	T6-(from 30 to 35)	F-T6	NO-T6	0-T6	96.1	0	No	T6	0.7	MGB-T6	2.3	13.6	0.3	6	Yes	GGACTCCT-AAGGCTAT
SOB01-T12	Saliva	four	12	47	No	27.9	T6-(from 25 to 30)	F-T12	NO-T12	0-T12	75.2	0	No	T12	0.9	Sleeve-T12	0	3.9	5.6	2	No	TAGGCATG-AAGGCTAT
SOB02-T12	Saliva	three	12	42	No	38	T12-(from 35 to 40)	F-T12	EX-T12	0-T12	94.8	0	No	T12	0.8	Sleeve-T12	2.2	14.5	22.9	0	No	GTAGAGGA-TCTCTCCG
SOBO3-T12	Saliva	four	12	42	No	30.6	T12-(from 30 to 35)	F-T12	NO-T12	0-T12	82.2	0	No	T12	0.8	Sleeve-T12	2.2	8.14	0.2	2	Yes	CTCTCTAC-AAGGCTAT
SOB04-T12	Saliva	three	12	62	No	37.2	T12-(from 35 to 40)	F-T12	NO-T12	0-T12	105.1	0	No	T12	0.8	Sleeve-T12	4.6	9.3	12.4	4	Yes	TAGGCATG-CGTCTAAT
SOB05-T12	Saliva	three	12	38	No	21.9	T12-(from 20 to 25)	F-T12	SI-T12	0-T12	75.7	0	No	T12	0.8	Sleeve+ring-T12	0.3	5.8	24	3	Yes	CTCTCTAC-CGTCTAAT
SOB06-T12	Saliva	three	12	57	No	28.1	T6-(from 25 to 30)	F-T12	NO-T12	1-T12	88.6	0	No	T12	0.9	Sleeve-T12	2.7	6.25	0.48	2	No	CGAGGCTG-CGTCTAAT
SOB07-T12	Saliva	three	12	50	Mod	24.9	T12-(from 20 to 25)	F-T12	SI-T12	0-T12	65.4	0	No	T12	0.9	Sleeve-T12	1.4	5.15	0.3	10	No	AAGAGGCA-CGTCTAAT
SOB08-T12	Saliva	three	12	49	No	26.2	T6-(from 25 to 30)	F-T12	NO-T12	0-T12	63.1	0	No	T12	0.9	Bypass+ring-T12	0.5	2.8	8	0	No	GCTCATGA-TCTCTCCG
SOB09-T12	Saliva	three	12	60	No	32	T12-(from 30 to 35)	F-T12	EX-T12	1-T12	80.5	1	Yes	T12	1	Sleeve+ring-T12	1.1	5.8	0.3	0	No	GCTCATGA-CGTCTAAT
SOB10-T12	Saliva	three	12	53	No	36.1	T12-(from 35 to 40)	M-T12	NO-T12	0-T12	116.4	0	No	T12	0.9	Sleeve-T12	1.5	6.4	0.5	1	Yes	ATCTCAGG-CGTCTAAT
SOB11-T12	Saliva	two	12	62	No	42.8	T12-(from 40 to 45)	F-T12	NO-T12	0-T12	96.3	0	No	T12	0.9	Bypass+ring-T12	3	4.6	372	16	Yes	AGGCAGAA-TCTCTCCG
SOB12-T12	Saliva	four	12	48	No	28.1	T12-(from 25 to 30)	F-T12	NO-T12	0-T12	68	0	No	T12	0.8	Sleeve+ring-T12	1.4	4.7	122.2	7	Yes	CGAGGCTG-AAGGCTAT
SOB13-T12	Saliva	two	12	44	Int	32.4	T12-(from 30 to 35)	F-T12	NO-T12	0-T12	79.8	0	No	T12	0.9	Sleeve+ring-T12	6.8	6.6	126	2	Yes	GGACTCCT-TCTCTCCG
SOB14-T12	Saliva	two	12	65	No	27.3	T12-(from 25 to 30)	F-T12	SI-T12	1-T12	72.6	1	Yes	T12	0.8	Sleeve+ring-T12	2.2	6.4	3.4	0	No	TAGGCATG-TCTCTCCG
SOB15-T12	Saliva	two	12	25	Mod	25.8	T12-(from 25 to 30)	F-T12	NO-T12	0-T12	65.2	0	No	T12	0.9	Sleeve+ring-T12	0.6	8	0.44	2	Yes	CTCTCTAC-TCTCTCCG
SOB16-T12	Saliva	two	12	45	Low	30.4	T12-(from 30 to 35)	F-T12	EX-T12	0-T12	77.3	0	No	T12	0.8	Sleeve+ring-T12	0.4	4.7	0.43	0	No	CGAGGCTG-TCTCTCCG
SOB17-T12	Saliva	two	12	45	No	31.5	T12-(from 30 to 35)	M-T12	EX-T12	1-T12	102.1	1	Yes	T12	0.9	Sleeve+ring-T12	1.2	6.7	0.42	1	Yes	AAGAGGCA-TCTCTCCG
SOB18-T12	Saliva	two	12	53	Mod	24.9	T12-(from 20 to 25)	F-T12	EX-T12	0-T12	63	0	No	T12	0.8	Sleeve+ring-T12	1	5.6	0.4	0	No	GTAGAGGA-TCTCTCCG
SOB19-T12	Saliva	two	12	35	No	44.1	T12-(from 40 to 45)	F-T12	EX-T12	0-T12	110.2	0	No	T12	0.8	Ring+colecistectomia-T12	4.6	0.5	8.4	0	No	GCTCATGA-TCTCTCCG
SOB22-T12	Saliva	two	12	57	Low	31.8	T12-(from 30 to 35)	F-T12	NO-T12	0-T12	82.9	0	No	T12	0.7	Sleeve+ring-T12	1	26.9	1.29	0	No	ATCTCAGG-TCTCTCCG
SOB23-T12	Saliva	one	12	41	Mod	30.9	T12-(from 30 to 35)	F-T12	NO-T12	0-T12	94.6	0	No	T12	0.8	Sleeve-T12	1.4	41.5	1.13	0	No	TAGGCATG-CTATTAAG
SOB25-T12	Saliva	four	12	58	Mod	29.9	T12-(from 25 to 30)	F-T12	NO-T12	0-T12	71.8	0	No	T12	0.9	Sleeve-T12	1.4	22.7	330	6	Yes	AAGAGGCA-AAGGCTAT
SOB26-T12	Saliva	four	12	51	No	29.7	T12-(from 25 to 30)	F-T12	EX-T12	0-T12	83.9	0	No	T12	0.8	RYGB-T12	0.3	8.5	15	0	No	GTAGAGGA-AAGGCTAT
SOB27-T12	Saliva	four	12	32	No	29.7	T12-(from 25 to 30)	F-T12	NO-T12	0-T12	64.2	0	No	T12	0.8	Sleeve-T12		5.9	15.7	1	Yes	GCTCATGA-AAGGCTAT
SOB28-T12	Saliva	four	12	59	No	33.8	T12-(from 30 to 35)	F-T12	EX-T12	1-T12	101.1	1	Yes	T12	0.9	Sleeve-T12	4.7	7.4	230	0	No	ATCTCAGG-AAGGCTAT
SOB29-T12	Saliva	four	12	47	No	23.4	T12-(from 20 to 25)	F-T12	SI-T12	0-T12	70.8	0	No	T12	0.8	Sleeve+ring-T12	1.9	8.5	0.2	6	No	TAAGGCGA-GAGCCTTA
SOB30-T12	Saliva	four	12	59	Low	28.1	T12-(from 25 to 30)	F-T12	NO-T12	0-T12	71.9	0	No	T12	0.8	Sleeve-T12	0.6	8	24.7	6	Yes	CGTACTAG-GAGCCTTA
SOB31-T12	Saliva	four	12	38	Low	31.9	T12-(from 30 to 35)	F-T12	NO-T12	0-T12	81.6	0	No	T12	0.9	Sleeve-T12	0.6	13.1	0.1	0	No	AGGCAGAA-GAGCCTTA
SOB32-T12	Saliva	four	12	66	No	29.6	T12-(from 25 to 30)	F-T12	EX-T12	0-T12	64.9	0	No	T12	0.8	MGB-T12	2	9	1.15	4	Yes	TCCTGAGC-GAGCCTTA
SOB33-T12	Saliva	four	12	38	Low	26.9	T12-(from 25 to 30)	F-T12	NO-T12	0-T12	71.5	0	No	T12	0.8	Sleeve-T12	1.6	12	0.5	3	Yes	GGACTCCT-GAGCCTTA
SOB01-T24	Saliva	four	24	48	No	29.6	T24-(from 25 to 30)	F-T24	NO-T24	0-T24	79.5	0	No	T24	0.9	Sleeve-T24	0.4	19	12	0	No	TAGGCATG-GAGCCTTA
SOB03-T24	Saliva	four	24	43	No	29.7	T24-(from 25 to 30)	F-T24	NO-T24	0-T24	80	0	No	T24	0.8	Sleeve-T24	0.7	6.07	23.7	4	Yes	CTCTCTAC-GAGCCTTA
SOB05-T24	Saliva	three	24	39		22.6	T12-(from 20 to 25)	F-T24	SI-T24	0-T24	78.4	0	No	T24	0.8	Sleeve+ring-T24	0.7	12	10	9	Yes	TAAGGCGA-TCTCTCCG
SOB07-T24	Saliva	three	24	51	Low	27.9	T24-(from 25 to 30)	F-T24	SI-T24	0-T24	73.3	0	No	T24	0.8	Sleeve-T24	2.3	15	5	9	Yes	ATCTCAGG-TCTCTCCG
SOB08-T24	Saliva	three	24	50	Low	27.2	T24-(from 25 to 30)	F-T24	NO-T24	0-T24	65.4	0	No	T24	0.8	Bypass+ring-T24	0.5	21.2	14.6	0	No	AGGCAGAA-TCTCTCCG
SOB09-T24	Saliva	three	24	61	No	32.8	T24-(from 30 to 35)	F-T24	EX-T24	1-T24	82.3	1	Yes	T24	0.9	Sleeve+ring-T24	1.5	16	15	0	No	TCCTGAGC-TCTCTCCG
SOB10-T24	Saliva	three	24	54	Mod	34.8	T24-(from 30 to 35)	M-T24	NO-T24	0-T24	112.2	0	No	T24	0.8	Sleeve-T24	0.5	12.6	0.5	5	Yes	GGACTCCT-TCTCTCCG
SOB12-T24	Saliva	four	24	49	Mod	27.3	T24-(from 25 to 30)	F-T24	NO-T24	0-T24	66.1	0	No	T24	0.8	Sleeve+ring-T24	1.1	4	89.6	7	Yes	CGAGGCTG-GAGCCTTA